mobmake,hubid,pickuppartnerid,deliverypartnerid,insuranceCompanyId,custpincodecategory,custpincode,servicecntrid,predictions
13,3,233,233,131,1,560093,4467,9
10,2,233,233,228,1,110034,4388,11
10,3,233,233,228,3,590014,4460,12
10,2,233,233,228,2,250110,4388,14
13,22,233,233,131,3,496001,4581,14
15,6,233,233,131,2,160036,4549,13
15,2,233,233,228,1,110065,4091,11
30,2,233,233,228,1,110092,4095,13
13,21,233,233,131,2,124001,4580,12
13,22,233,233,131,1,400011,4581,11
21,2,233,233,131,1,110006,4154,16
13,26,233,233,131,1,600097,5001,10
10,2,233,233,131,1,201301,4388,13
19,1,233,233,131,2,440027,4011,20
4,2,233,233,131,1,201301,4148,13
10,27,233,233,131,1,110092,4388,11
13,7,233,233,131,1,500011,4403,9
15,2,233,233,228,1,110029,4094,12
13,21,233,233,131,2,124001,4580,12
15,2,308,233,228,1,110092,4550,11
10,3,233,245,228,1,560102,4460,9
10,3,233,245,131,1,560062,4460,9
13,21,233,233,131,1,122002,4580,10
10,3,233,233,131,2,570029,4460,11
13,22,233,233,131,2,462043,4581,14
6,5,233,245,131,1,380008,4039,11
13,4,233,233,131,2,636016,4490,12
13,17,233,233,131,1,800001,4538,10
15,2,308,233,131,1,110027,4550,11
13,22,233,245,131,2,385001,4581,13
9,7,233,233,131,1,501505,4474,9
6,17,233,233,131,3,824124,4538,17
13,22,233,233,131,1,401101,4581,10
16,1,233,233,131,1,700029,4511,14
13,7,233,233,131,2,517501,4403,12
15,1,233,233,131,1,400104,4545,12
13,22,0,233,131,4,382022,4581,12
15,2,233,233,131,1,110037,4550,11
13,3,233,233,131,1,560037,4467,9
10,23,233,233,131,1,400052,4398,11
13,21,233,233,131,1,121004,4580,10
13,26,201,233,131,4,630606,5001,13
10,27,233,233,131,1,110095,4388,11
10,7,233,233,131,1,500019,4474,9
9,3,233,233,131,1,560026,4460,9
13,22,233,233,131,2,395006,4581,13
10,2,233,233,131,1,122017,4388,13
10,3,233,233,228,1,560093,4460,8
10,2,233,233,228,1,122017,4388,12
13,22,233,233,131,3,442605,4581,13
13,21,233,233,131,3,141115,4580,12
10,23,233,233,131,1,411023,4398,11
28,3,233,233,228,1,560049,4465,14
5,9,233,233,228,2,414001,4023,14
12,2,308,233,228,1,122003,4092,12
32,5,201,233,131,4,382750,4039,18
10,6,233,233,228,2,160047,4437,11
13,26,233,233,131,2,603002,5001,12
10,23,233,233,228,1,400093,4398,10
13,22,233,233,131,1,401208,4581,10
13,21,233,245,131,1,110007,4580,9
10,3,233,245,228,2,590010,4460,11
13,11,201,201,131,4,691005,4495,13
5,2,233,233,228,3,335001,4093,15
13,26,233,233,228,1,560098,5001,10
13,21,201,233,131,0,331802,4580,16
10,27,233,233,131,2,136027,4388,13
13,8,233,233,131,1,700006,4508,11
13,4,233,233,131,1,600069,4490,9
10,23,308,233,131,1,400070,4398,10
13,21,233,233,131,1,110068,4580,9
13,8,233,233,228,1,700046,4508,10
15,12,233,233,131,2,342001,4453,15
13,7,233,233,131,1,500008,4403,9
15,2,233,233,228,2,125001,4091,14
13,2,233,233,131,1,110085,4147,12
10,27,308,233,228,1,122001,4388,11
13,21,233,233,131,2,131001,4580,12
10,2,233,233,228,1,121006,4388,12
13,2,233,233,228,1,110096,4147,12
15,12,233,233,228,2,334001,4453,14
1,12,233,233,228,1,302026,4459,13
32,4,233,233,131,1,600078,4490,12
10,2,233,233,228,1,201001,4388,12
6,1,233,233,131,1,400705,4581,11
13,22,233,233,131,1,400607,4581,10
13,21,233,233,131,3,143105,4580,12
13,21,308,233,131,1,110051,4580,9
10,27,233,233,131,1,110060,4388,11
10,25,233,233,131,1,600030,4460,10
10,25,233,233,131,1,600092,4460,10
15,9,233,233,228,1,411028,4548,12
32,5,233,245,131,2,360001,4039,15
10,25,308,245,131,1,560048,4460,9
13,21,233,233,131,1,110063,4580,9
13,21,233,233,131,3,143505,4580,12
13,2,308,245,228,1,110017,4580,9
10,8,233,233,131,1,700156,4499,11
13,7,233,233,131,1,500079,4403,9
12,2,233,233,228,1,110043,4092,11
13,21,233,233,131,1,110049,4580,9
9,3,233,233,131,1,560050,4460,9
9,23,233,233,131,1,380022,4398,11
9,23,233,0,131,1,380022,4398,11
9,23,201,233,131,0,453111,4398,16
13,21,233,233,131,1,110084,4580,9
15,12,233,233,131,2,342001,4453,15
10,23,233,233,131,1,411038,4398,11
9,6,233,233,131,3,143001,4437,12
10,12,233,233,228,2,313001,4407,13
13,22,233,233,131,2,361140,4581,13
15,4,233,233,228,1,600019,4483,11
10,6,233,233,228,3,141001,4437,12
6,1,233,233,131,2,452001,4581,15
13,7,233,233,228,1,500072,4403,8
15,2,233,233,228,1,122015,4094,13
13,3,233,233,228,1,560076,4467,9
9,8,201,233,131,4,711113,4499,14
13,21,233,233,131,3,152123,4580,12
13,21,233,233,131,3,152123,4580,12
13,17,233,233,131,3,834001,4538,14
13,3,233,233,131,2,580032,4467,12
15,12,233,233,131,1,302013,4407,12
15,2,233,233,131,1,122016,4091,13
13,4,233,233,131,1,600096,4490,9
13,21,201,233,131,0,335524,4668,16
15,2,308,233,228,1,110046,4091,12
13,21,233,233,131,1,201301,4580,11
10,23,233,233,131,1,400058,4398,11
15,3,233,233,228,1,560004,4469,10
10,27,233,233,228,1,201009,4388,11
10,6,233,233,131,2,160036,4437,12
15,1,233,233,131,1,400710,4010,16
13,22,233,233,131,1,400080,4581,11
10,27,233,233,228,1,110029,4388,10
15,2,233,245,131,1,110096,4094,13
13,26,233,245,131,1,560040,5001,10
15,2,233,233,228,1,121007,4388,13
10,6,233,233,131,1,160071,4437,10
13,7,233,233,131,1,500089,4403,9
13,22,233,233,131,3,415409,4581,13
1,3,233,245,131,1,560032,4400,10
13,21,233,233,131,2,125050,4580,13
13,22,233,233,131,2,440008,4581,13
15,7,233,233,131,1,500035,4477,10
13,21,233,233,131,1,302020,4580,11
2,1,233,233,131,1,110081,4390,21
13,21,233,233,131,1,122001,4580,10
13,21,233,233,131,1,110041,4580,9
13,22,233,233,131,2,395017,4581,13
10,3,233,233,131,1,560076,4460,9
18,1,233,233,131,1,560106,4011,20
10,9,233,233,131,1,411011,4021,11
10,1,233,233,131,1,400602,4398,12
17,1,233,233,131,1,400710,4011,17
12,1,233,233,131,2,422101,4018,17
13,17,233,233,131,1,800004,4538,10
15,4,233,233,131,2,636005,4492,13
13,21,233,233,228,2,282003,4580,13
13,21,308,233,131,1,110035,4580,9
13,7,233,233,131,2,533003,4403,12
13,21,233,233,228,1,122015,4580,10
13,21,233,233,228,1,201010,4154,11
13,17,201,233,131,4,803215,4538,15
10,27,233,233,228,1,302016,4388,11
10,27,233,233,131,1,110092,4388,11
10,25,233,245,228,1,560091,4460,9
10,6,233,233,131,2,148001,4437,12
10,2,233,233,228,1,121001,4388,12
10,4,0,233,131,1,600116,4482,9
10,6,233,233,131,2,160025,4437,12
19,1,233,233,131,1,110015,4011,20
13,3,233,233,131,1,560029,4147,11
10,12,233,233,228,1,302004,4407,11
13,3,233,233,131,1,560037,4467,9
12,2,233,233,228,2,209801,4092,14
13,8,233,233,131,2,713148,4508,13
13,7,233,233,131,1,500056,4403,9
13,21,233,233,228,1,201305,4580,10
4,2,233,233,228,1,110007,4148,13
21,2,201,233,228,4,388360,4154,19
15,2,233,233,131,1,201304,4094,14
10,2,233,233,131,1,110053,4388,12
10,2,233,233,228,1,110009,4388,12
13,22,233,233,131,1,380052,4581,11
13,21,233,233,131,3,144411,4580,12
10,2,233,233,131,1,110092,4388,12
10,2,0,233,131,1,110092,4388,12
13,21,233,233,131,1,302029,4580,11
13,26,233,233,131,1,641025,4495,10
15,11,201,0,131,1,641025,4492,12
15,3,233,233,131,2,590011,4461,14
13,17,201,233,131,4,815351,4410,15
13,22,233,233,131,1,400607,4581,10
10,25,308,233,228,1,560022,4460,9
15,3,233,245,228,1,560048,4469,10
13,3,233,233,131,1,560023,4467,9
10,2,233,233,228,1,110048,4388,11
13,26,233,233,131,3,635001,5001,12
13,22,233,233,131,2,395003,4581,13
15,5,233,233,131,2,390001,4546,13
15,1,233,233,131,1,401101,4545,12
13,22,233,233,131,1,421204,4581,11
13,26,201,201,131,0,686693,4495,16
13,21,233,233,131,2,132103,4580,12
21,2,233,245,131,1,110083,4432,15
12,1,233,245,131,1,380023,4018,15
13,17,233,233,131,2,844101,4538,14
13,21,233,233,131,1,121004,4580,10
33,12,233,233,131,1,302039,4392,15
23,4,233,233,131,1,600007,4488,13
13,8,233,233,131,3,751007,4508,14
10,2,233,233,131,1,110058,4388,12
15,7,233,233,131,1,500039,4477,10
15,2,233,233,228,1,121002,4550,11
13,21,233,233,131,2,221004,4580,13
10,7,233,233,228,2,533006,4474,11
5,1,308,233,131,1,400601,4015,12
15,2,308,233,131,1,110018,4091,12
10,23,233,233,131,1,400604,4398,11
9,27,233,233,131,2,342007,4388,14
10,23,233,233,131,1,400078,4398,11
13,21,233,233,131,3,171001,4580,12
13,22,233,245,131,2,390011,4581,13
15,2,233,245,131,1,110059,4091,12
13,21,201,201,131,0,173025,4441,17
15,2,233,233,228,1,110052,4550,10
1,11,201,201,228,0,682307,4498,19
15,2,233,233,131,1,110016,4091,12
2,1,233,233,131,2,140406,4390,20
15,17,233,233,131,1,800001,4409,12
13,22,233,233,131,2,395009,4581,13
13,17,233,233,131,3,828116,4538,14
10,27,233,233,228,1,201310,4388,11
10,25,233,233,228,1,560011,4460,9
13,21,233,233,131,2,184101,4580,13
10,3,233,233,131,1,560037,4460,9
28,24,233,233,131,2,844101,4150,21
13,22,233,233,131,1,380005,4581,11
15,2,233,233,131,1,122001,4094,14
13,21,233,233,131,2,324001,4580,13
15,9,233,233,131,1,411028,4548,12
15,9,233,233,131,2,422101,4548,14
10,3,233,233,228,1,560045,4460,8
13,7,233,233,131,3,517502,4403,12
12,2,233,233,228,2,144001,4092,13
10,23,233,233,131,2,395006,4398,13
28,7,233,233,131,2,522001,4479,17
16,3,233,233,131,1,560093,4469,12
13,2,233,245,131,1,110066,4147,12
1,2,233,233,228,1,122002,4150,13
13,21,233,233,131,3,122050,4580,12
15,2,308,233,131,1,122002,4091,13
13,21,308,233,131,1,110063,4580,9
13,22,233,233,131,1,421201,4581,11
15,3,233,233,131,1,560060,4461,11
13,4,233,233,228,1,600045,4490,9
10,2,233,233,131,1,121001,4388,12
9,8,201,233,131,4,713217,4499,14
15,1,233,233,131,2,422002,4545,15
13,21,201,233,228,4,124146,4580,12
13,22,233,233,131,2,395007,4581,13
13,8,233,233,131,1,700046,4508,10
13,22,233,233,131,2,421305,4581,13
13,21,233,233,131,2,123101,4580,12
10,6,233,233,228,2,134107,4437,11
12,6,233,233,131,3,143001,4435,12
13,21,201,233,131,4,173213,4673,14
15,2,233,233,228,1,122001,4091,13
13,22,233,233,131,2,360005,4581,13
15,7,233,233,228,1,500072,4477,10
13,21,233,233,131,1,110095,4580,10
13,3,233,233,131,1,560001,4467,9
15,8,233,233,131,1,700157,4500,12
15,1,233,233,131,1,400081,4545,12
15,1,233,233,131,1,421302,4545,13
13,21,233,233,131,2,303108,4580,13
13,8,201,233,131,4,733202,4508,14
12,8,233,233,131,2,781022,4502,16
13,21,233,233,131,2,324007,4580,13
15,6,233,233,131,2,134109,4549,13
10,8,233,233,131,1,700084,4499,11
10,23,308,233,131,1,400607,4398,10
10,25,233,233,228,1,600029,4460,10
13,21,308,233,131,1,110025,4580,9
15,3,233,245,131,1,560045,4461,11
9,23,233,233,131,2,440032,4398,13
13,21,233,233,228,2,322001,4580,13
15,3,233,233,131,2,570002,4461,14
13,3,233,233,131,1,560095,4467,10
13,22,233,245,131,2,395007,4581,13
10,23,233,245,228,2,395007,4398,13
10,12,308,233,228,2,313001,4407,13
15,2,233,233,228,2,121102,4550,13
13,22,233,245,131,1,380005,4581,11
13,3,233,233,131,1,560016,4467,9
10,2,201,233,228,0,193123,4388,17
13,21,233,233,131,1,122001,4580,10
13,21,233,233,131,1,110009,4580,9
15,2,233,233,228,1,121006,4550,11
13,22,233,233,131,1,380007,4581,11
13,22,233,233,131,1,382340,4581,11
10,2,233,233,131,1,110019,4388,12
13,21,201,233,131,0,250501,4580,16
10,2,233,233,228,1,201306,4388,12
13,7,233,233,131,3,502296,4403,11
10,2,233,233,228,1,110009,4550,10
15,1,233,233,131,1,400604,4010,15
13,21,233,233,131,1,121002,4580,10
5,1,233,233,131,1,400612,4015,13
13,7,233,233,131,2,520011,4403,12
4,2,233,233,228,1,122015,4148,13
21,2,233,233,228,1,401303,5138,14
9,27,233,233,131,1,302012,4388,12
15,8,233,233,228,1,700141,4511,11
12,2,233,233,131,1,226003,4092,12
10,6,233,233,228,2,147001,4437,11
15,8,233,233,131,1,700034,4500,12
9,10,233,233,131,1,226018,4444,11
13,26,233,233,131,1,600119,5001,10
10,25,233,233,228,2,570011,4460,12
13,7,233,233,131,1,500081,4403,8
13,8,233,233,131,3,751030,4508,13
10,2,233,233,228,1,110008,4388,12
21,2,233,233,131,1,700003,4017,22
1,24,233,233,131,2,412207,4150,14
4,1,233,233,131,2,410206,4011,15
15,2,233,233,131,3,122504,4550,14
10,1,201,233,228,0,458226,4388,18
21,2,233,245,228,1,560029,5138,14
13,3,233,233,131,1,560037,4467,9
10,17,233,233,228,2,842001,4370,18
15,3,233,245,228,1,560037,4469,10
13,7,233,0,131,1,500072,4403,9
15,3,233,233,228,2,583104,4461,14
13,21,233,233,131,1,110085,4580,9
10,27,233,233,228,1,122001,4388,11
10,2,233,233,228,1,110078,4388,11
13,21,233,233,131,1,121003,4580,10
13,17,233,233,131,3,821305,4538,14
10,7,233,233,228,3,501101,4474,11
13,22,233,233,131,1,380058,4581,11
13,4,233,233,131,2,625002,4490,12
5,1,233,233,131,1,400078,4015,13
10,12,201,233,228,0,326001,4407,16
1,9,233,233,131,1,411035,4027,11
13,3,308,233,131,1,560048,4467,9
13,8,233,233,131,1,700102,4508,10
4,9,233,233,131,1,411045,4030,11
13,22,233,233,131,3,394185,4581,13
10,6,233,233,228,3,142001,4437,12
13,17,233,233,131,3,826001,4410,15
10,7,233,233,228,1,500056,4474,8
4,1,233,233,228,2,452016,4011,16
13,21,233,233,131,2,140401,4580,12
15,5,233,233,228,1,380052,4546,11
1,24,233,233,228,1,110029,4150,10
10,25,233,245,131,1,560102,4460,10
10,23,233,245,131,3,362266,4398,14
19,1,233,233,228,1,122002,4011,19
13,21,233,233,131,2,247667,4580,13
10,2,233,233,228,2,248007,4388,14
13,8,233,233,131,1,700009,4508,10
15,2,233,233,228,1,121001,4091,12
15,3,233,233,131,2,570027,4461,14
15,9,233,233,131,1,411062,4548,12
10,8,233,233,228,2,711204,4499,14
10,25,233,245,131,1,560095,4460,10
12,1,233,233,131,3,364003,4018,17
13,8,233,233,131,1,700025,4508,10
15,1,233,233,131,1,400606,4010,15
13,22,233,233,131,2,416416,4581,13
15,2,308,233,228,1,122018,4091,13
27,21,233,233,131,2,125001,4580,14
13,21,233,233,131,2,125001,4580,12
13,21,233,233,131,1,122001,4580,10
15,5,233,233,131,2,364002,4546,14
6,2,233,233,131,1,110059,4388,12
13,21,201,233,131,0,272002,4580,16
4,7,233,233,228,1,500091,4540,9
13,22,233,233,131,2,389001,4581,13
15,1,233,233,131,1,400064,4545,12
21,2,233,233,131,1,302001,5138,15
13,22,308,233,131,1,400016,4581,10
13,26,233,233,131,1,560005,5001,10
33,1,233,233,131,1,400101,4392,15
13,22,233,245,131,1,380015,4581,11
13,3,233,245,131,1,560076,4467,9
13,11,201,201,131,0,670693,4495,16
13,22,233,233,131,1,400034,4581,11
10,10,233,233,228,1,226012,4444,11
12,5,233,233,131,2,391760,4034,13
1,10,201,233,131,0,209721,4425,18
13,17,233,233,131,1,800013,4538,10
13,7,233,233,131,1,500007,4403,9
13,22,233,233,131,1,401101,4581,10
13,22,233,233,131,2,410206,4581,13
15,1,233,233,228,1,400098,4545,12
15,1,233,233,131,1,400060,4545,12
10,27,0,233,131,1,110024,4388,11
10,27,308,233,131,1,110024,4388,11
15,5,233,245,131,2,395002,4546,13
15,2,233,233,131,1,201308,4091,13
15,2,233,233,228,1,122001,4550,11
10,27,233,233,228,1,121004,4388,11
13,21,233,233,131,1,302013,4580,11
13,22,233,233,131,2,462022,4581,14
13,7,233,233,131,2,533103,4403,12
13,3,233,233,131,1,560100,4467,10
10,2,233,233,131,1,110034,4388,12
13,22,233,233,131,3,490006,4581,14
10,2,233,233,131,1,110096,4388,12
15,2,0,233,131,1,110059,4550,10
10,17,233,233,228,3,826001,4370,18
15,2,233,233,228,1,201301,4091,13
10,27,233,233,131,1,110014,4388,11
13,21,233,233,131,3,127201,4580,12
4,2,233,233,131,1,110031,4148,12
15,1,233,233,131,1,400078,4545,12
13,21,233,245,131,1,110031,4580,9
13,8,233,233,228,1,700002,4508,10
13,22,233,233,131,1,400015,4581,11
21,2,233,233,131,2,395009,4154,17
13,22,201,233,131,4,431606,4581,14
15,4,233,233,131,1,600112,4483,11
13,21,233,233,131,2,144005,4580,12
13,8,233,233,131,1,700067,4508,10
10,8,233,233,131,1,700029,4499,11
10,6,233,233,131,2,160045,4437,12
15,1,233,233,131,1,400057,4545,12
15,2,233,233,131,1,110030,4094,13
15,8,233,233,131,1,700024,4511,11
15,2,308,233,228,1,122018,4091,13
15,8,233,233,131,2,734001,4511,14
13,21,233,233,131,2,123501,4580,12
5,2,233,233,131,2,201206,4093,15
13,22,233,0,131,1,400607,4581,11
13,22,233,0,131,1,400607,4581,11
13,22,233,233,131,1,400607,4581,10
13,7,233,233,131,2,530024,4403,12
9,8,233,233,131,1,700039,4499,11
9,17,233,233,131,3,834001,4370,16
13,21,233,233,131,1,110092,4580,10
9,12,233,233,131,1,302002,4407,11
13,21,201,233,131,0,244302,4580,16
10,8,233,233,131,1,700016,4499,11
13,22,233,233,131,1,400004,4581,11
10,23,233,233,228,1,411039,4398,10
10,23,233,233,131,1,401208,4398,11
10,27,233,233,131,2,281001,4388,14
13,21,233,233,131,3,122022,4580,12
10,3,233,245,131,1,560061,4460,9
27,1,201,201,131,0,322230,4011,34
10,7,233,233,131,3,531033,4474,12
15,12,233,233,228,3,335001,4453,15
13,21,233,233,131,1,110042,4580,9
10,6,233,233,228,2,160022,4437,11
15,6,233,233,131,3,143001,4549,13
1,3,233,233,131,1,560037,4467,10
13,3,233,233,131,1,560037,4467,9
13,7,233,233,228,2,520003,4403,11
1,7,233,233,228,1,500016,4479,9
13,22,233,233,131,2,452001,4581,13
13,8,233,233,131,1,700073,4508,10
15,2,233,233,228,1,122001,4094,13
30,2,233,233,228,1,500006,4540,12
13,21,233,233,131,1,110002,4580,9
13,21,233,233,131,1,110051,4580,9
13,21,233,233,131,2,202002,4580,13
13,21,233,233,228,1,302021,4580,10
13,26,233,233,131,1,560066,5001,10
13,26,233,233,131,1,560066,5001,10
10,25,233,233,228,1,560064,4460,9
13,22,233,233,131,2,389330,4581,13
13,22,233,233,131,2,440022,4581,13
15,2,233,233,131,1,110096,4550,12
9,23,233,245,131,2,395006,4398,13
32,6,233,233,131,2,160019,4673,14
13,22,233,233,131,2,440009,4581,13
10,5,233,233,131,1,380051,4422,11
13,2,233,233,228,1,110075,4147,12
12,1,233,233,131,1,380051,4018,15
4,3,233,245,131,2,570016,4468,13
13,21,233,233,131,3,143001,4580,12
15,10,233,233,131,2,243001,4547,14
13,21,308,233,131,1,110030,4580,9
4,8,233,233,131,1,711101,4499,12
13,8,233,233,131,1,700001,4508,10
13,21,233,233,131,1,201301,4580,11
10,12,233,233,131,1,302012,4407,11
15,6,233,233,228,2,160030,4549,12
18,1,233,233,131,1,110039,4011,19
15,4,233,233,131,2,620001,4492,13
0,2,308,233,131,1,110051,4091,12
15,12,233,233,131,1,302022,4453,13
13,22,233,233,131,1,380006,4581,11
15,2,233,233,131,2,131001,4550,14
10,27,233,233,228,1,110029,4388,10
10,27,233,245,131,1,110025,4388,11
32,1,233,233,131,1,400051,4581,13
1,24,233,233,131,1,110072,4150,11
12,2,233,233,131,1,110067,4092,12
13,6,233,233,131,2,160019,4441,12
13,4,233,233,131,2,607402,4490,12
13,7,233,233,131,2,530017,4403,12
13,22,308,233,131,1,400083,4581,10
13,22,308,233,131,1,400083,4581,10
10,27,233,233,131,2,131021,4388,13
10,25,201,233,131,0,683543,4460,17
10,2,233,233,228,1,110075,4388,12
13,22,233,233,131,1,400098,4581,10
10,8,233,233,131,1,700072,4499,11
10,6,233,233,228,3,141002,4437,12
5,1,233,245,131,2,394210,4015,15
4,4,233,233,228,1,600118,4488,10
32,26,308,233,131,1,560037,5001,11
13,22,233,233,131,2,384002,4581,13
15,6,233,233,228,2,160103,4549,13
13,2,233,233,131,1,110085,4147,12
10,2,308,233,131,1,122001,4388,13
13,7,233,233,131,1,500084,4403,8
13,21,233,233,228,2,180012,4580,13
13,21,233,233,131,1,110034,4580,9
21,21,233,233,131,0,0,4580,12
21,21,233,233,131,1,110025,4580,11
13,21,233,233,131,1,110025,4580,9
13,21,233,233,131,0,0,4580,12
10,12,233,233,228,1,302001,4453,11
15,3,233,233,228,1,560097,4469,11
10,27,308,233,228,1,110051,4388,10
15,2,233,233,131,2,124001,4550,13
13,21,233,233,131,2,131028,4580,12
13,22,233,233,131,2,431601,4581,13
13,21,233,245,131,1,110070,4580,9
1,24,233,245,131,1,110086,4150,10
13,21,233,233,131,2,248007,4580,13
15,1,0,0,131,1,400053,4545,12
15,11,233,233,228,1,641035,4492,11
13,7,233,233,131,1,500079,4403,9
13,17,233,233,131,1,800013,4538,10
10,25,233,233,131,1,560068,4460,9
15,5,233,233,228,1,380055,4546,11
15,6,233,233,131,3,143001,4549,13
13,21,233,233,131,2,132103,4580,12
13,21,233,233,131,2,342001,4580,13
13,7,233,233,131,3,507115,4403,11
32,12,233,233,131,2,313001,4668,15
13,7,233,233,131,1,500016,4403,9
13,21,308,233,131,1,122018,4580,10
13,3,233,245,131,1,560037,4467,9
15,3,233,245,131,1,560008,4461,11
6,1,233,233,131,1,400004,4019,13
10,1,233,233,228,1,400612,4398,11
12,2,233,233,131,1,121003,4092,12
5,1,233,233,131,1,401303,4015,13
13,21,233,233,131,2,334001,4580,13
13,21,233,233,131,1,302012,4580,11
13,6,233,233,131,2,160047,4673,11
15,2,308,233,228,1,122003,4091,13
13,22,233,233,131,1,400604,4581,10
10,27,233,233,228,2,342008,4388,13
10,3,233,245,131,1,560066,4460,9
15,2,233,233,131,1,110093,4094,13
13,7,233,233,131,2,520002,4403,12
13,21,233,233,131,3,141003,4580,12
13,21,233,233,131,1,110062,4580,9
13,21,201,233,131,4,124146,4580,12
13,21,233,233,131,2,136038,4580,12
10,27,233,233,228,1,121005,4388,11
10,2,233,233,228,2,135003,4388,13
13,21,233,245,131,1,110001,4580,9
15,2,233,233,131,1,110024,4091,12
9,12,233,233,131,2,313001,4407,13
10,6,233,233,228,3,141001,4437,12
13,17,233,233,131,2,848101,4538,14
4,3,233,245,228,1,560079,5146,10
10,3,233,233,228,1,560076,4667,9
13,21,233,233,131,1,110088,4580,9
13,21,233,233,131,1,110009,4580,9
10,7,233,233,228,1,500003,4474,8
15,2,233,233,131,1,110051,4550,11
13,22,233,233,131,1,411014,4581,11
10,6,233,233,131,2,125055,4437,12
13,17,233,233,131,3,834004,4538,14
13,22,233,233,131,1,400071,4581,11
15,2,233,233,228,1,121003,4550,11
13,26,233,233,131,1,600125,5001,10
13,22,233,233,131,1,411001,4581,11
13,21,233,233,131,3,122050,4580,12
1,21,233,233,131,3,122050,4580,13
13,21,201,233,131,0,250341,4580,16
1,7,233,233,228,1,500042,4479,9
13,7,233,233,131,1,500038,4403,9
13,21,233,233,131,2,140413,4580,12
13,22,233,233,131,2,390002,4581,13
13,4,233,233,131,1,600016,4490,9
9,23,233,233,131,2,390001,4398,13
13,26,233,233,228,1,560068,5001,9
13,17,233,233,131,1,800013,4410,11
13,22,233,245,131,2,363641,4581,13
13,22,233,233,131,2,440016,4581,13
13,7,233,233,131,1,500025,4403,9
32,6,233,233,131,3,171006,4441,15
32,6,233,233,131,3,171006,4441,15
10,8,233,233,131,1,700029,4499,11
15,2,233,233,228,1,122004,4091,13
10,17,201,233,131,4,845412,4370,16
10,23,233,233,131,1,400606,4398,11
9,12,233,233,131,2,313001,4407,13
4,2,233,233,228,1,122009,4148,13
13,3,233,233,131,1,560041,4467,9
13,21,233,233,131,1,302018,4668,11
10,5,233,233,131,1,380007,4422,11
13,2,233,233,131,1,110012,4147,13
10,6,233,233,131,3,136026,4437,12
10,2,233,233,131,1,110034,4388,12
13,8,201,233,131,0,757037,4508,17
10,7,233,233,228,1,500049,4474,8
1,24,233,233,228,1,110044,4150,10
10,10,233,233,228,2,282006,4425,13
15,12,233,233,228,1,302018,4453,12
10,2,233,233,228,1,110096,4388,12
10,2,233,233,228,1,110034,4388,11
15,12,233,233,131,1,302025,4453,13
13,8,0,233,131,2,734007,4508,13
13,8,233,233,131,2,734007,4508,13
10,23,233,233,131,3,474005,4398,14
10,27,0,233,131,1,110088,4388,11
10,27,233,233,131,1,110088,4388,11
10,10,233,233,131,2,282007,4425,13
2,1,233,233,228,1,500007,4478,11
10,6,233,233,131,3,141003,4437,12
32,10,233,233,131,2,229001,4393,15
13,7,233,233,131,1,500082,4403,8
10,23,233,233,131,2,440014,4398,13
10,23,233,233,131,2,422003,4398,13
13,4,233,233,228,1,600014,4490,9
15,12,233,233,131,2,342001,4453,15
13,21,233,233,131,2,313001,4580,13
13,7,233,233,131,1,500072,4403,9
28,7,233,233,228,1,500072,4479,14
5,17,233,233,131,1,800020,4370,14
10,17,233,233,131,1,800020,4370,12
13,7,233,233,131,1,500072,4403,9
10,9,233,233,131,1,411028,4021,11
28,2,233,233,228,1,110029,4150,15
13,7,233,233,131,1,500037,4403,9
13,7,233,233,131,3,505001,4403,11
13,22,233,233,131,3,363351,4581,13
1,7,233,233,131,2,520013,4479,13
13,22,233,233,131,1,400013,4581,11
13,22,233,233,131,3,425201,4581,13
10,2,233,233,228,1,110025,4388,11
13,26,233,233,131,0,0,5001,12
15,6,233,233,131,2,134109,4549,13
15,2,233,233,228,1,110090,4550,10
10,23,233,233,131,1,411014,4398,11
13,22,233,233,131,1,400607,4581,10
10,27,233,233,228,1,201304,4388,11
10,27,233,245,228,1,110018,4388,11
13,8,233,233,131,1,700034,4508,10
15,6,233,233,228,2,147001,4549,12
10,2,233,233,131,3,263153,4388,15
10,23,233,233,131,1,400092,4398,11
15,2,233,233,228,2,181152,4550,14
9,6,233,233,131,3,141010,4437,12
10,23,308,233,131,1,400610,4398,10
13,6,233,233,131,2,160101,4673,12
15,2,233,233,131,2,132103,4094,15
13,26,233,233,228,1,560008,5001,9
10,7,233,0,228,1,500072,4474,8
15,2,233,233,131,1,122001,4550,12
10,3,233,233,228,1,560001,4460,8
9,8,233,233,131,1,700157,4499,11
13,22,233,233,131,1,400607,4581,10
10,1,233,233,228,1,400604,4398,11
10,2,233,233,131,1,110092,4388,12
13,2,233,233,131,1,110009,4147,13
28,24,233,233,131,1,400055,4150,16
10,12,233,233,131,1,302029,4407,11
13,22,233,233,131,2,452003,4581,13
10,2,233,233,131,1,110088,4388,12
1,24,233,233,228,2,144001,4150,12
9,9,233,233,131,3,496001,4021,15
9,7,233,233,131,1,500060,4474,9
13,7,233,233,131,2,530004,4403,12
10,27,0,233,131,0,247663,4388,16
10,27,201,233,131,0,247663,4388,16
13,22,233,233,131,2,403707,4581,13
13,21,201,233,131,0,250619,4580,16
15,6,233,233,131,2,140413,4549,13
13,22,233,233,131,2,390012,4581,13
13,22,233,233,131,1,380051,4581,11
13,22,233,233,131,1,411038,4581,11
15,3,233,245,228,1,560029,4469,10
15,3,233,233,228,1,560037,4461,10
15,7,233,233,228,1,500008,4477,10
13,8,233,233,131,2,711302,4508,13
4,2,233,233,131,1,201301,4148,13
13,2,233,233,131,0,0,4388,13
10,2,233,233,131,0,0,4388,13
9,5,233,233,131,2,394220,4422,13
10,2,233,233,228,2,248001,4388,14
13,7,233,233,131,1,500075,4403,9
9,12,233,233,131,1,302021,4407,11
15,5,233,233,131,2,395001,4546,13
9,8,233,233,131,2,700124,4499,14
13,22,233,233,131,1,411014,4581,11
15,7,233,233,228,2,530022,4477,13
15,6,233,233,131,2,140603,4549,13
4,1,308,233,131,1,400071,4011,12
13,21,233,233,131,2,251001,4580,13
13,26,233,233,131,1,600037,5001,10
15,6,233,233,228,3,144415,4549,13
18,1,233,233,131,1,411044,4011,19
15,3,233,233,228,1,560093,4469,10
13,26,233,233,131,1,603103,5001,10
5,2,233,245,131,1,110009,4093,13
15,3,308,245,131,1,560066,4461,10
4,2,201,201,228,0,201016,4148,18
15,10,201,201,228,0,225001,4547,16
12,2,233,233,131,1,110052,4092,11
15,2,308,233,131,1,110013,4091,12
13,21,201,233,131,4,140118,4580,13
18,1,233,233,131,1,711102,4011,23
12,2,233,233,228,1,110043,4092,11
8,1,233,233,131,2,422001,4016,17
1,24,233,233,131,1,201310,4150,11
9,8,233,233,131,3,754021,4499,14
10,3,308,233,228,1,560085,4460,8
13,9,233,233,131,1,411016,4581,11
13,21,233,233,131,1,110080,4580,9
13,7,233,233,131,1,501506,4403,9
13,21,201,233,131,0,228001,4393,17
10,25,233,245,131,1,560029,4460,9
10,8,233,233,131,1,700014,4499,11
13,3,233,233,131,1,560043,4467,9
13,8,233,233,131,1,700007,4508,11
13,21,308,245,131,1,110087,4580,9
4,2,233,233,228,1,201010,4148,13
10,7,233,233,131,1,500003,4474,9
13,3,233,233,131,1,560103,4467,10
10,2,233,233,131,1,110044,4388,12
13,7,233,233,131,3,504001,4403,11
13,21,233,233,131,3,784001,4580,15
13,21,233,233,131,3,784001,4580,15
13,21,233,233,131,2,221010,4580,13
13,21,233,233,131,2,221010,4580,13
10,2,201,233,131,4,127046,4388,14
9,7,233,233,131,2,530013,4474,12
13,17,233,233,131,3,854105,4410,15
13,22,233,233,131,2,390021,4581,13
13,22,233,233,131,2,390021,4581,13
15,12,233,233,131,2,301707,4453,15
13,21,233,233,131,1,110019,4580,9
13,22,233,233,228,1,400059,4581,10
15,8,233,233,228,1,700001,4511,11
13,21,233,245,131,1,110034,4580,9
15,5,233,245,131,1,380015,4546,11
15,2,233,245,228,1,110026,4091,12
13,26,233,245,131,1,560100,5001,10
13,21,233,233,131,1,122002,4580,10
4,6,233,233,131,3,174103,4443,15
15,10,233,233,131,1,226010,4547,12
13,7,233,233,131,2,522647,4403,12
10,27,201,233,131,0,335804,4388,16
30,3,233,233,228,1,560067,4399,11
15,2,233,245,131,1,110016,4091,13
11,12,233,233,228,2,342006,4407,13
13,21,233,233,131,2,148024,4580,12
13,21,201,233,131,0,177601,4580,17
4,1,308,233,131,1,400060,4011,12
13,26,233,233,131,1,560032,5001,10
13,26,233,233,131,1,560032,5001,10
15,2,233,233,131,2,132103,4094,15
13,21,308,233,131,1,110083,4580,9
13,22,233,233,131,1,400043,4581,11
5,2,233,233,228,1,110045,4093,11
15,2,233,233,228,1,110091,4550,11
13,26,233,233,131,1,600011,5001,10
19,1,233,233,131,1,500016,4011,19
10,2,233,233,131,1,110032,4388,12
13,21,233,233,131,1,122001,4580,10
10,2,233,233,228,1,201306,4388,12
10,2,233,233,228,2,201206,4388,14
13,21,233,233,131,2,180001,4580,13
13,8,233,233,131,3,743166,4508,14
17,1,233,233,131,3,152001,4011,19
1,24,233,233,131,1,110059,4150,10
13,3,233,233,131,1,560107,4467,10
13,21,233,233,131,1,201003,4580,11
13,22,233,233,131,2,396195,4581,13
32,2,308,233,131,1,110002,4147,14
21,2,233,233,131,1,400077,4432,15
13,26,233,233,228,1,560076,5001,9
13,26,233,233,131,1,560076,5001,10
13,17,233,233,131,3,826001,4538,14
13,21,233,233,131,2,134108,4580,12
13,8,233,233,131,2,781024,4508,15
10,27,233,233,131,1,121003,4388,11
13,26,308,245,131,1,560041,5001,10
15,11,233,201,131,1,641004,4492,11
13,26,233,233,131,1,641114,4495,10
13,21,233,233,131,2,181133,4580,13
10,23,233,233,131,1,401302,4398,11
1,4,233,233,228,1,600119,4485,10
1,7,233,233,131,2,530017,4479,13
15,2,233,233,228,1,201002,4091,13
1,7,233,233,228,1,500054,4479,9
15,10,233,233,131,1,226001,4444,12
13,22,233,233,131,2,452009,4581,13
15,2,233,233,131,1,110024,4550,11
13,22,233,245,131,2,395002,4581,13
10,2,233,233,228,1,110091,4388,11
10,7,233,233,131,1,500045,4474,9
32,7,233,233,131,1,500092,4403,12
32,7,233,233,131,1,500092,4403,12
10,3,233,233,228,1,560080,4460,8
10,25,308,233,131,1,560043,4460,9
21,2,233,233,131,2,125001,5138,14
13,21,0,233,131,3,141001,4580,11
13,21,233,233,131,3,141001,4580,12
10,7,233,233,131,1,500016,4474,9
13,26,233,245,131,1,560037,5001,10
13,21,233,233,228,1,122001,4580,10
15,2,233,233,131,1,110087,4091,12
13,7,233,233,228,2,522007,4403,11
13,8,233,233,131,1,711106,4508,10
13,21,308,233,228,1,122001,4580,10
13,21,233,233,131,1,110085,4580,9
15,5,233,233,131,1,382330,4546,11
13,21,233,233,228,2,132001,4580,11
13,4,233,233,131,1,600122,4490,9
13,2,233,233,228,1,110051,4147,11
9,6,233,233,131,3,143105,4437,12
10,1,233,233,131,1,400059,4398,12
13,22,233,233,131,1,400013,4581,11
13,21,233,233,131,1,302018,4580,11
13,21,233,233,131,1,122101,4580,10
13,21,233,233,131,1,302019,4580,11
10,12,233,233,131,1,302021,4407,11
12,8,233,233,131,3,752101,4502,14
13,22,233,233,131,3,476001,4581,14
10,23,233,233,228,2,452016,4398,13
1,24,233,233,131,2,390016,4150,14
9,23,233,233,131,1,400069,4398,11
15,5,233,245,131,1,380015,4546,11
13,5,233,245,131,3,363020,4581,13
13,22,233,245,131,2,364001,4581,13
13,7,233,233,228,1,500088,4403,8
23,2,233,233,131,3,144402,4154,18
10,27,233,233,131,1,122051,4388,11
13,22,233,233,131,2,431602,4581,13
13,21,233,233,131,1,110062,4580,9
12,2,233,233,131,1,110074,4092,12
30,2,233,233,131,1,110075,4095,14
10,7,233,233,228,1,500054,4474,8
9,6,233,233,131,3,143001,4437,12
10,27,233,233,131,2,342001,4388,14
10,27,0,233,131,2,342001,4388,13
13,26,233,233,131,2,600048,5001,12
13,6,233,233,131,2,141401,4673,11
15,10,233,233,228,1,226024,4547,11
13,21,233,233,131,1,110032,4580,9
13,21,233,233,131,1,201005,4580,11
13,7,233,233,131,4,505304,4403,11
13,22,233,233,131,1,400072,4581,11
1,9,233,233,131,2,416012,4027,14
13,3,233,233,228,1,560076,4467,9
13,21,233,233,131,2,131001,4580,12
13,22,233,233,131,1,400069,4581,11
10,10,233,233,131,2,243005,4444,13
10,2,201,233,228,0,201016,4388,17
9,27,233,233,131,1,110086,4388,11
10,2,233,233,131,1,110059,4388,12
10,25,233,233,131,1,600010,4482,10
15,2,233,233,131,1,110092,4550,12
13,7,233,233,131,1,500097,4403,9
15,3,233,245,131,1,560040,4461,11
15,3,233,245,131,1,560004,4461,11
15,3,233,245,228,1,560018,4461,10
15,10,201,201,131,0,209732,4547,16
13,22,233,233,131,1,382481,4581,11
10,2,233,233,228,1,110067,4388,12
10,8,233,233,131,1,700020,4499,11
10,6,233,233,228,3,141013,4437,12
1,24,308,233,228,1,122002,4150,11
13,7,233,233,228,1,500038,4403,8
13,3,233,233,131,2,585101,4467,12
10,17,233,233,228,1,800001,4370,12
10,7,233,233,228,2,522002,4474,11
15,11,233,233,131,2,638002,4492,13
13,22,233,233,228,1,400067,4581,10
10,25,233,233,131,1,560050,4460,9
10,4,233,233,131,1,600001,4482,10
13,22,233,233,131,2,395002,4581,13
10,2,233,233,228,1,110037,4388,11
15,12,233,233,131,2,313001,4453,15
32,8,233,233,131,2,734001,4508,15
1,24,233,233,228,1,110091,4150,10
15,12,233,233,131,2,313001,4453,15
10,7,233,233,228,2,505209,4474,11
10,8,233,233,228,1,700035,4500,11
13,22,233,233,131,1,400093,4581,11
10,8,233,233,131,1,700019,4499,11
9,8,233,233,131,2,700127,4499,14
10,6,233,233,131,3,174303,4437,13
10,1,233,233,131,2,422009,4398,14
13,21,233,233,131,2,202002,4580,13
13,4,233,233,131,1,600122,4490,9
13,21,233,233,131,1,110053,4580,9
13,21,233,233,131,2,151505,4580,12
13,22,233,233,228,2,452016,4581,13
10,2,233,233,228,1,201010,4388,12
13,22,233,233,131,1,411045,4581,11
13,22,233,233,131,3,490023,4581,14
10,27,233,233,131,2,131001,4388,13
13,21,233,233,131,0,0,4580,12
13,21,233,233,131,0,0,4580,12
13,22,233,245,131,1,380009,4581,11
15,1,233,233,131,1,400015,4545,12
13,21,233,233,131,1,110043,4580,9
13,22,233,233,228,2,393001,4581,13
10,8,201,233,228,4,713324,4499,14
21,2,233,233,131,1,110080,4154,14
13,22,233,233,131,1,411009,4581,11
13,21,233,233,131,3,143001,4580,12
13,21,233,233,131,3,143001,4580,12
28,5,233,233,131,3,388540,4541,17
1,24,233,233,131,3,828127,4150,19
10,12,233,233,228,0,302034,4407,15
4,2,308,245,131,1,110085,4148,12
32,21,233,233,131,1,201306,4580,13
13,7,233,233,228,3,505001,4403,11
10,2,233,233,228,1,201304,4388,12
10,2,233,233,131,1,201014,4388,13
10,7,233,233,228,1,500091,4474,9
15,3,233,233,131,1,560091,4461,11
15,2,233,233,131,1,201001,4550,12
9,8,233,233,131,2,734006,4499,15
15,2,233,233,131,1,110018,4550,11
15,6,233,233,228,3,141007,4549,13
13,26,233,233,228,1,560093,5001,9
15,1,233,233,131,1,421302,4545,13
15,8,233,233,131,1,700016,4511,11
15,2,233,233,131,1,122505,4091,13
5,22,233,245,131,2,382007,4581,14
13,22,233,233,131,1,411018,4581,11
13,7,233,233,131,1,500015,4403,9
10,27,308,233,131,1,110043,4388,11
18,8,233,233,131,1,700013,4504,15
6,10,233,233,131,2,282005,4393,15
32,9,233,233,131,1,411046,4581,13
10,9,233,233,131,1,411026,4021,11
13,22,201,233,131,4,403206,4581,13
13,7,233,233,228,1,500072,4403,8
9,1,233,233,131,2,462026,4398,15
4,5,233,233,131,2,390007,4011,13
4,7,233,233,228,1,500033,4478,9
13,21,233,233,131,1,302005,4668,11
24,2,233,233,131,1,110059,4155,15
13,22,233,233,228,1,400021,4581,10
13,3,233,233,131,1,560066,4467,9
10,3,233,233,228,1,560001,4460,8
15,8,233,233,131,3,753002,4500,16
21,2,233,233,131,1,110034,4154,15
12,1,233,233,131,3,388450,4018,16
10,2,308,233,131,1,110041,4388,12
13,7,233,233,131,1,500032,4403,9
13,26,233,233,131,1,560066,5001,10
13,22,233,233,131,1,380058,4581,11
13,21,233,245,131,1,110034,4580,9
5,1,233,245,131,1,382405,4015,13
13,21,233,245,131,1,110002,4580,9
30,1,233,245,131,2,395001,4391,17
10,2,233,233,228,1,110094,4388,12
12,2,233,233,131,2,282007,4092,14
6,6,233,233,131,2,147001,4673,12
10,23,233,233,131,1,401101,4398,11
15,6,233,233,131,3,143001,4549,13
15,12,233,233,228,2,342001,4453,14
10,2,233,233,228,1,122018,4388,12
15,2,233,233,131,1,110045,4550,11
10,27,233,233,131,2,243001,4388,14
9,27,233,233,131,2,313001,4388,14
5,2,233,233,131,1,121004,4093,12
15,2,233,233,131,1,110095,4550,12
13,22,233,233,131,2,395010,4581,13
28,7,233,233,228,1,500069,4479,14
13,21,233,233,131,3,141120,4580,12
10,1,0,233,131,1,400602,4398,11
10,3,233,233,228,2,570026,4460,11
13,21,233,233,131,3,127306,4580,12
15,2,233,233,131,1,201301,4091,13
13,7,233,233,131,1,500085,4403,8
9,12,233,233,131,2,342008,4407,13
10,4,233,233,131,1,600097,4482,10
15,12,233,233,228,1,302039,4453,12
10,23,233,233,131,1,421501,4398,11
4,1,233,233,131,2,452016,4011,16
15,1,308,233,131,1,400102,4545,12
15,12,233,233,131,1,302018,4453,13
13,22,233,233,131,2,462042,4581,14
13,7,233,233,131,3,502103,4403,11
9,8,201,233,131,4,735134,4499,15
13,26,233,233,131,1,560049,5001,10
13,22,233,233,131,1,380024,4581,11
13,22,0,233,131,1,380024,4581,10
15,1,233,233,228,1,400066,4545,12
13,22,233,233,131,2,431005,4581,13
13,7,233,233,131,1,500019,4403,9
15,3,233,245,131,1,560102,4461,12
32,2,233,233,131,1,110052,4147,13
10,6,233,233,131,3,132039,4437,12
10,6,233,233,131,3,141003,4437,12
13,21,233,233,131,3,141003,4580,12
10,7,233,233,228,1,500081,4474,8
13,21,233,233,131,2,134118,4580,12
15,2,233,233,131,1,201007,4550,12
15,2,233,233,131,1,201310,4091,13
9,7,233,233,131,3,530027,4474,12
28,3,308,245,131,1,560032,4400,14
13,21,233,233,131,1,110024,4580,9
13,17,233,233,131,2,846003,4538,14
13,22,233,233,131,1,400614,4581,10
4,7,233,233,228,1,500016,4474,9
13,22,308,233,131,1,400614,4581,10
21,2,233,233,131,1,700015,5138,15
13,8,233,233,131,2,734001,4508,13
10,2,233,233,228,1,110032,4388,11
30,4,233,233,131,1,600078,4399,13
13,3,233,233,131,2,570023,4467,12
13,22,233,233,131,2,410210,4581,13
10,8,233,233,131,1,700039,4499,11
13,21,233,233,131,1,110005,4580,9
10,9,233,233,131,3,431131,4021,14
15,1,233,233,131,1,400024,4010,15
15,2,233,233,131,1,201013,4550,12
10,7,233,233,228,1,500085,4474,8
13,21,233,233,131,2,125055,4580,13
13,21,233,233,131,2,144001,4580,12
13,26,233,233,131,2,570018,5001,12
10,10,233,233,228,1,226022,4425,11
13,26,233,233,131,1,560103,5001,10
10,23,233,233,131,1,400101,4398,11
15,7,233,233,228,1,500034,4477,10
10,27,233,233,228,1,121002,4388,11
9,8,201,233,131,4,741201,4499,15
5,1,233,245,131,2,390003,4015,15
13,21,308,245,131,1,110088,4580,9
13,21,233,245,131,1,110059,4580,9
5,2,233,233,228,1,122002,4093,12
13,7,233,233,131,3,533126,4403,12
13,21,233,233,131,1,110064,4580,9
13,22,233,233,131,1,411057,4581,11
10,3,233,233,228,1,560032,4460,8
13,22,233,233,131,2,360003,4581,13
13,21,233,233,131,2,208021,4580,13
21,2,233,233,131,1,400057,5138,14
13,21,233,233,131,1,201308,4580,11
13,8,233,233,131,1,700075,4508,10
13,21,233,233,131,1,201308,4580,11
10,2,233,233,131,1,201304,4388,13
15,2,233,233,131,1,201301,4094,14
13,2,233,233,228,1,122015,4388,12
15,2,308,233,131,1,122101,4550,12
13,22,233,233,131,1,401202,4581,10
10,27,233,233,228,1,302019,4388,11
15,1,308,233,131,1,400080,4545,12
15,2,233,233,228,1,201307,4091,13
9,6,233,233,131,3,141008,4437,12
9,8,233,233,131,1,700135,4499,11
15,5,233,233,228,1,380058,4011,19
15,5,233,233,228,2,395006,4546,13
10,25,233,245,131,1,560094,4460,9
1,3,308,245,131,1,560072,4400,10
15,8,233,233,131,3,751006,4500,16
1,24,233,233,228,1,122051,4150,11
13,21,233,233,131,2,248007,4580,13
13,21,0,233,131,2,248007,4580,12
13,21,233,233,131,3,143505,4580,12
26,6,233,233,131,2,134102,4439,16
13,8,233,233,228,1,700055,4508,10
9,23,233,233,131,2,390002,4398,13
15,17,201,233,131,4,821109,4409,16
13,21,233,233,131,1,121005,4580,10
13,22,233,233,131,1,421204,4581,11
13,22,233,233,131,1,380051,4581,11
13,22,233,233,228,1,421301,4581,11
13,3,233,233,228,1,560029,4467,9
15,4,233,233,131,1,603112,4483,11
13,21,233,245,131,1,110084,4580,9
13,4,233,233,131,1,600011,4490,9
13,22,233,233,131,2,452001,4581,13
13,22,233,233,131,2,440010,4581,13
13,21,308,233,131,1,122001,4580,10
13,21,233,233,131,1,201301,4580,11
13,22,233,233,131,1,400088,4581,11
13,22,233,233,131,2,396191,4581,13
13,2,233,233,131,1,110092,4147,13
10,1,233,233,131,1,400059,4398,12
15,2,233,233,228,1,122003,4094,13
13,22,233,233,131,1,400064,4581,11
10,2,233,233,228,1,110029,4388,11
13,21,233,233,131,2,180001,4580,13
13,21,233,233,131,2,282006,4580,13
13,22,308,233,228,1,400078,4581,10
21,2,233,233,131,1,201301,4154,16
10,2,233,233,228,1,110058,4388,11
23,2,233,233,131,2,160030,4442,18
15,11,233,233,131,1,641022,4492,11
15,2,233,233,131,1,201014,4091,13
13,21,233,233,131,1,110034,4580,9
10,25,233,233,228,1,560066,4460,9
9,23,233,245,131,2,395005,4398,13
10,6,233,233,131,3,141013,4437,12
13,21,233,233,131,1,110093,4580,10
15,2,233,233,228,1,110017,4091,12
28,4,233,233,131,1,600043,4485,15
15,8,233,233,131,1,700027,4511,11
13,7,233,233,131,1,500081,4403,8
15,7,233,233,228,1,500081,4477,9
4,2,233,233,228,1,121001,4148,13
10,27,233,233,228,1,121005,4388,11
1,21,233,233,228,1,110075,4580,9
13,22,233,233,131,1,400067,4581,11
10,25,233,233,131,1,560050,4460,9
10,6,233,233,131,3,143001,4437,12
10,6,233,233,131,3,143001,4437,12
10,2,233,233,228,2,132103,4388,13
13,21,233,233,131,1,226001,4580,11
5,2,233,233,131,1,110030,4093,11
13,21,233,233,131,1,122018,4580,10
15,5,233,233,131,1,380004,4546,11
15,5,233,233,131,1,380004,4546,11
10,9,233,233,131,1,411023,4021,11
4,9,233,233,228,1,411014,4030,11
10,2,233,233,131,1,110018,4388,12
13,21,233,233,131,1,201009,4580,11
13,2,233,233,131,1,110088,4147,12
10,2,233,233,131,1,201301,4388,13
16,2,233,233,131,1,201301,4388,15
10,2,233,233,228,1,110065,4388,11
10,1,233,233,131,1,401208,4398,12
10,1,233,233,131,2,403711,4398,14
13,21,233,233,131,1,110018,4580,9
15,3,233,233,131,3,591317,4461,14
13,21,233,233,131,2,201206,4580,13
13,17,233,233,131,3,834001,4538,14
15,2,233,233,131,1,201306,4091,13
10,17,233,233,228,3,828306,4370,18
10,23,233,233,131,1,411037,4398,11
4,3,233,233,228,1,560034,5146,10
10,27,308,233,131,1,110044,4388,11
13,8,201,233,131,4,742202,4508,14
10,27,233,233,131,1,122017,4388,11
13,26,233,233,228,1,560103,5001,10
13,22,233,233,131,2,410210,4581,13
13,21,233,233,131,1,201304,4580,11
4,2,233,233,228,1,110044,4148,12
15,6,233,233,131,2,151001,4437,13
10,6,233,233,131,2,151001,4437,12
22,1,233,233,131,1,641009,4498,14
10,2,233,245,131,1,110092,4388,12
13,21,233,233,131,2,136118,4580,12
13,26,233,233,131,1,560067,5001,10
13,21,233,233,131,2,322001,4580,13
28,24,233,233,228,2,412101,4150,17
10,5,233,245,131,1,382424,4422,11
13,21,233,233,131,1,201310,4580,10
8,2,233,233,228,2,125005,4145,13
10,4,233,233,228,1,600082,4482,10
13,22,233,233,131,2,482001,4581,14
13,22,233,233,131,3,413501,4581,13
13,8,233,233,131,3,751024,4508,13
18,1,233,233,131,1,700069,4504,16
1,4,233,233,228,2,602105,4485,13
32,8,201,233,131,4,742225,4508,20
15,2,308,233,228,1,122001,4091,13
21,2,233,233,131,2,160020,4442,17
13,8,233,233,131,3,751019,4508,14
1,2,233,233,228,1,201304,4150,13
1,1,233,233,131,1,400607,4012,15
13,21,233,233,131,2,122107,4580,12
13,7,233,233,131,1,500020,4403,9
13,21,233,233,131,1,110046,4580,9
6,4,233,233,131,1,600088,4473,10
10,2,233,233,228,1,201014,4388,12
1,24,233,233,131,3,123021,4150,13
13,21,233,233,131,1,201301,4580,11
13,7,233,233,131,1,500011,4403,9
31,1,233,233,131,1,400069,4016,17
10,27,233,233,131,1,110096,4388,11
10,27,233,233,131,1,110096,4388,11
10,27,233,233,131,1,122007,4388,11
28,24,233,233,228,1,201304,4150,16
13,21,233,233,131,1,110018,4580,9
15,2,233,245,228,1,110029,4091,12
13,21,308,233,131,1,122002,4580,10
13,7,233,233,131,1,500038,4403,9
13,22,233,233,131,2,425001,4581,13
15,3,233,233,228,2,590001,4469,13
13,22,233,233,131,2,361008,4581,13
1,24,233,233,228,1,121001,4150,11
13,26,233,233,131,2,581402,5001,12
10,27,233,245,228,1,110043,4388,11
10,23,233,233,131,1,400010,4398,11
15,6,233,233,131,3,143001,4549,13
9,23,233,233,131,2,452002,4398,13
13,11,201,201,131,0,670002,4495,16
33,2,233,233,131,1,110085,4405,14
15,5,233,245,131,1,380013,4546,11
13,21,233,233,131,1,201306,4580,11
10,2,233,233,131,1,110044,4388,12
13,21,308,233,131,1,110086,4580,9
20,1,233,233,131,1,641001,4011,20
13,7,233,233,131,1,500032,4403,9
13,21,233,233,131,2,181121,4580,13
9,23,233,245,131,2,390006,4398,13
15,3,233,245,228,1,560078,4469,10
4,4,233,233,131,2,632602,4488,13
13,21,233,233,131,2,147001,4580,12
10,11,201,201,131,0,679340,4496,16
13,21,233,233,131,2,127021,4580,12
13,22,233,233,131,1,411003,4581,11
13,7,233,233,131,2,530017,4403,12
13,22,233,233,131,1,421204,4581,11
18,1,233,233,228,2,125005,4011,19
10,3,233,233,228,3,574101,4460,11
13,7,233,233,131,4,509125,4403,11
9,3,308,233,131,1,560083,4460,9
10,5,233,245,131,1,380051,4422,11
13,26,233,233,228,1,600091,5001,10
10,4,233,233,228,1,600113,4482,10
15,6,233,233,131,2,134203,4549,13
10,2,233,233,131,1,201308,4388,13
10,2,233,233,131,1,122001,4388,13
1,2,233,233,228,1,201304,4150,13
12,6,233,233,131,3,136135,4435,12
13,6,233,233,131,3,136135,4435,12
13,22,233,233,131,1,411008,4581,11
13,22,233,233,131,1,411041,4581,11
13,21,233,233,131,2,281001,4580,13
13,21,233,233,228,1,302019,4580,10
13,21,201,233,131,4,125053,4580,14
10,12,233,233,228,1,302018,4407,11
28,24,233,233,131,0,0,4150,18
13,24,233,233,131,0,0,4150,16
13,7,233,233,131,4,535270,4403,12
10,6,233,233,228,2,140103,4437,11
15,1,233,233,131,2,452010,4545,15
13,8,233,233,131,1,700089,4508,10
13,26,308,233,131,1,560048,5001,10
1,24,233,233,228,1,110041,4150,10
13,8,233,233,228,1,700089,4508,10
13,21,308,233,131,1,110086,4580,9
12,1,233,233,131,1,411039,4018,15
10,27,233,233,131,1,110035,4388,11
13,26,233,245,131,1,560018,5001,10
15,7,233,233,131,2,515001,4477,13
10,2,233,233,131,1,121005,4388,12
12,2,233,233,131,1,121005,4092,12
13,21,233,233,131,1,121005,4580,10
13,21,233,233,131,1,121005,4580,10
18,8,233,233,131,1,700067,4505,15
10,7,233,233,228,1,500082,4474,8
13,22,233,233,228,1,421301,4581,11
22,1,233,233,131,3,143001,4008,19
15,6,233,233,131,3,141001,4549,13
15,10,233,233,228,2,208020,4547,14
13,21,233,233,131,1,122001,4580,10
10,1,233,233,131,3,421605,4398,14
15,5,233,233,131,2,395010,4546,13
13,22,233,233,131,1,400081,4581,11
15,2,233,233,131,1,110002,4550,11
13,7,233,233,131,2,530045,4403,12
32,17,233,233,131,3,841214,4538,17
10,2,233,233,131,1,201011,4388,13
10,8,233,233,228,1,700001,4499,11
28,24,233,233,131,1,110092,4150,15
10,23,233,233,131,1,400607,4398,11
16,1,233,233,131,2,561203,4401,15
16,1,233,233,131,1,711104,4390,17
10,25,233,233,131,1,600028,4460,10
13,21,233,233,131,1,110019,4580,9
10,27,233,233,131,1,201301,4388,12
10,25,233,245,131,0,0,4460,17
28,24,233,233,131,2,148001,4150,17
15,2,308,233,228,1,122002,4550,11
9,7,233,233,131,1,500065,4474,9
13,21,233,233,131,1,110017,4580,9
13,8,233,233,131,1,700082,4508,10
13,22,233,233,131,1,380051,4581,11
15,10,233,233,131,2,221010,4547,14
13,21,233,245,131,1,110001,4580,9
9,27,233,233,131,2,132103,4388,13
13,3,233,233,131,1,560037,4467,9
13,7,233,233,131,1,500035,4403,9
13,8,233,233,131,3,786171,4508,15
13,21,233,233,131,3,306401,4580,13
13,21,233,233,131,1,121004,4580,10
10,6,233,233,131,2,160103,4437,12
15,2,233,233,131,1,201014,4094,14
13,22,233,233,131,2,396191,4581,13
13,4,233,233,131,1,600099,4490,9
13,22,233,233,131,1,400002,4581,11
5,1,233,233,131,1,400081,4015,13
13,22,233,233,131,1,411001,4581,11
15,9,233,233,131,1,412105,4548,12
9,8,233,233,131,2,734005,4499,15
15,2,233,233,131,1,110025,4094,13
10,2,233,233,228,1,201010,4148,13
13,8,233,0,131,1,700039,4508,10
13,22,233,233,131,1,412114,4581,11
6,1,233,233,131,1,400072,4581,12
15,2,233,233,228,1,201306,4091,13
21,2,233,233,131,1,500056,5138,14
15,9,233,233,131,1,411037,4548,12
10,27,233,233,228,1,110018,4388,11
15,2,233,233,131,1,110034,4550,11
15,1,233,233,131,1,400058,4545,12
10,6,233,233,131,3,141013,4437,12
13,21,201,233,131,3,122050,4388,14
15,8,233,233,131,2,713212,4500,15
13,2,233,233,131,2,248002,4147,15
10,8,233,233,131,1,700064,4499,11
15,2,233,233,228,1,121001,4550,11
13,8,233,233,131,1,700006,4508,11
15,10,233,233,228,1,226001,4547,11
15,2,233,233,131,2,132103,4094,15
10,3,233,233,228,1,560037,4460,8
6,9,233,233,131,1,411060,4581,11
15,5,233,233,228,2,384002,4546,13
13,21,233,233,131,3,141001,4580,12
13,21,233,233,131,1,110091,4580,9
13,21,233,245,131,1,110030,4580,9
13,7,233,233,131,1,500072,4403,9
13,21,233,233,228,1,110095,4580,9
15,2,233,0,131,2,125004,4550,14
10,12,233,233,228,2,334001,4407,13
15,17,233,233,131,3,834001,4409,16
10,3,233,233,228,1,560024,4460,8
1,2,308,233,228,1,122003,4150,13
13,21,233,233,131,1,201013,4580,11
15,2,233,233,131,1,201306,4091,13
12,1,233,233,131,2,452010,4018,17
13,7,233,233,131,1,500032,4403,9
15,2,233,233,131,1,201304,4550,12
2,1,233,233,228,1,121003,4390,19
13,22,233,233,131,3,473551,4581,14
15,4,233,233,131,1,600028,4483,11
13,22,233,245,131,2,362001,4581,13
10,25,308,245,131,1,560086,4460,9
10,27,233,245,131,1,110009,4388,12
13,21,233,233,131,3,141013,4673,12
12,1,233,233,131,1,421001,4018,15
13,17,233,233,131,3,834009,4410,15
15,8,233,233,131,1,700029,4508,11
21,2,201,233,131,0,333515,4154,21
13,21,233,233,131,1,110075,4580,9
12,3,233,233,131,2,530018,4462,12
15,4,233,233,131,1,600042,4483,11
13,21,233,233,131,2,132103,4580,12
13,22,233,233,131,3,474011,4581,14
15,1,308,233,131,1,421301,4545,12
13,22,233,233,131,1,411040,4581,11
10,27,233,233,131,2,313001,4388,14
1,8,233,233,228,1,700073,4506,11
10,2,233,233,228,2,131001,4388,13
13,3,233,233,131,3,590008,4467,12
5,2,233,233,131,1,110059,4093,11
10,3,233,233,228,1,560066,4460,8
15,6,233,233,131,2,134109,4549,13
10,3,233,233,228,1,560048,4460,8
15,2,233,233,228,1,122505,4094,13
13,26,308,233,228,1,560065,5001,9
10,23,233,233,131,1,410501,4398,11
13,3,233,233,131,1,560064,5001,9
4,2,233,233,228,1,201304,4148,13
28,24,233,233,131,3,756114,4150,22
18,1,233,233,131,1,380001,4011,19
10,23,233,233,228,1,380052,4398,11
13,22,233,233,131,2,410210,4581,13
13,26,233,245,228,1,560034,5001,9
15,2,308,233,228,1,122002,4094,13
13,21,233,233,131,1,110017,4580,9
15,2,233,233,228,1,110094,4091,12
10,27,233,233,131,1,110052,4388,11
10,9,233,233,131,1,411018,4021,11
13,22,0,233,131,0,476337,4581,16
13,7,233,233,131,1,500081,4403,8
13,22,233,233,131,2,393001,4581,13
13,26,233,233,131,2,636006,5001,12
13,6,233,233,131,2,160002,4441,12
13,21,233,233,131,3,332001,4580,13
13,7,233,233,131,1,500045,4403,9
13,21,233,233,228,1,122001,4580,10
15,12,233,233,228,1,302028,4453,12
15,6,233,233,228,2,160103,4549,13
10,3,233,233,131,1,560005,4460,9
13,22,233,233,228,1,421503,4581,11
13,17,233,233,131,2,846004,4538,14
10,1,233,233,131,1,400095,4398,12
4,4,233,233,228,1,600101,4488,10
13,3,233,233,131,2,580029,4467,12
9,8,233,233,131,1,700090,4499,11
15,7,233,233,131,1,500032,4477,10
13,21,233,233,131,2,134109,4580,12
4,2,233,233,228,1,122016,4148,13
15,12,233,233,228,2,342005,4407,14
1,2,233,233,228,1,121003,5138,11
13,26,308,233,131,1,560076,5001,10
4,8,233,233,228,1,700068,4510,11
4,1,233,233,228,1,400002,4011,11
13,7,233,233,228,1,500032,4403,8
15,2,233,233,228,1,110092,4091,12
15,7,233,233,131,1,500026,4477,10
13,26,233,233,131,1,560041,5001,10
21,26,233,233,131,1,560041,5001,13
10,25,233,245,131,1,560076,4460,9
28,3,233,233,131,1,560098,4400,16
13,7,233,233,131,1,500013,4403,9
13,21,233,233,131,2,134003,4580,12
13,17,233,233,131,1,800001,4538,10
15,9,233,233,131,1,411033,4022,12
13,2,233,245,131,1,110027,4147,12
13,21,233,233,131,1,302015,4580,11
13,26,233,233,131,1,560083,5001,10
10,25,233,245,131,1,560032,4460,9
10,25,233,233,131,1,600042,4460,10
13,21,233,233,131,2,132103,4580,12
13,21,233,233,131,1,121008,4580,10
10,27,233,233,228,2,243001,4388,13
13,17,233,233,131,2,805103,4538,14
15,4,233,233,131,1,600096,4483,11
19,1,233,233,131,1,560039,4011,19
10,3,233,233,131,1,560022,4460,9
15,7,233,233,228,2,530045,4477,13
17,1,233,233,131,2,364001,4011,18
13,22,233,233,131,1,400012,4581,11
10,23,233,233,131,1,400033,4398,11
12,2,233,233,131,2,211003,4092,14
13,26,233,233,131,1,600078,5001,10
4,1,233,233,131,1,421306,4011,14
15,2,308,233,131,1,110065,4550,10
21,2,233,233,228,3,141007,5138,14
2,1,233,233,228,1,110092,4390,19
9,23,233,233,131,3,388450,4398,13
10,27,233,233,228,1,110029,4388,10
15,2,233,245,131,1,110092,4091,13
10,23,233,245,131,2,390013,4398,13
13,22,233,233,131,2,403508,4581,13
13,22,233,233,228,2,390004,4581,13
13,22,233,233,131,2,413002,4581,13
13,22,233,233,131,3,391110,4581,13
13,21,233,233,131,1,110008,4580,9
15,9,233,233,131,1,411038,4548,12
15,9,233,233,131,2,442401,4548,14
10,6,201,233,131,4,132041,4437,12
10,6,201,233,131,4,132041,4437,12
9,6,233,233,131,3,141001,4437,12
10,7,233,233,228,2,505209,4474,11
15,9,233,233,131,2,410507,4022,14
15,3,233,233,131,3,571405,4461,14
4,2,308,233,228,1,122001,4148,13
9,6,233,233,131,3,141008,4437,12
10,1,233,233,131,1,400604,4398,12
12,5,233,233,131,1,382405,4034,11
13,22,233,233,131,1,411008,4581,11
13,7,233,233,131,1,500001,4403,9
13,21,233,233,131,2,248001,4580,13
13,21,233,233,131,2,248001,4580,13
1,1,233,233,131,1,400066,4012,15
15,3,233,233,228,1,560066,4469,10
13,17,233,233,131,2,805103,4538,14
13,22,233,233,131,2,431001,4581,13
13,21,233,233,131,1,122015,4580,10
10,10,233,233,131,0,0,4444,19
11,10,233,233,131,0,0,4444,19
1,24,233,233,228,1,400078,4150,11
10,27,233,233,228,1,110018,4388,11
13,21,233,233,228,1,122002,4580,10
13,22,233,233,131,2,360007,4581,13
13,21,233,233,131,1,110067,4580,9
15,12,233,233,131,1,302015,4453,13
15,1,233,233,228,2,482001,4545,15
9,23,233,233,131,2,394107,4398,13
13,26,233,233,131,1,600093,5001,10
15,8,233,233,131,3,786125,4511,15
10,27,233,233,131,2,342001,4388,14
13,21,233,233,131,3,344001,4580,13
13,21,233,233,131,3,141001,4580,12
1,3,233,233,131,1,560071,4400,10
13,8,233,233,131,1,700007,4508,11
15,7,233,233,131,1,500072,4477,10
6,3,233,233,131,1,560035,4467,10
13,2,233,233,131,2,248001,4147,15
3,1,233,233,131,1,400101,4011,12
13,21,233,233,131,2,124001,4580,12
15,8,201,233,131,0,744103,4500,17
32,8,233,233,131,1,700039,4508,13
9,8,233,233,131,2,734005,4499,15
15,4,233,233,131,1,600100,4483,11
13,21,233,233,131,2,202001,4580,13
15,2,308,233,228,1,122017,4094,13
12,2,233,233,131,1,110053,4092,11
30,2,233,233,131,2,520001,4095,16
15,2,233,233,228,1,201001,4550,12
13,21,233,233,131,2,180011,4580,13
13,22,233,233,131,1,380007,4581,11
13,22,233,233,131,1,380007,4581,11
13,21,201,233,131,0,201102,4580,16
15,1,233,233,131,1,421302,4545,13
15,8,233,233,228,1,700001,4511,11
13,21,233,233,131,1,110046,4580,9
9,17,233,233,131,3,831003,4370,16
13,22,233,233,131,2,462022,4581,14
12,2,233,233,131,1,110035,4092,11
10,27,308,233,131,1,110088,4388,11
13,8,233,0,228,1,700001,4508,10
10,3,233,245,131,1,560041,4460,9
5,1,233,245,131,1,382405,4015,13
15,8,233,233,228,1,700156,4500,12
13,8,233,233,131,1,700156,4508,10
15,7,233,233,228,2,530017,4477,13
13,22,233,233,131,2,410206,4581,13
15,4,233,233,228,1,600090,4483,11
13,21,233,245,131,1,110015,4580,9
13,17,233,233,131,3,834009,4538,14
13,17,233,233,131,3,834009,4538,14
15,12,233,233,131,2,342001,4453,15
12,6,233,233,131,3,143001,4435,12
15,12,233,233,131,2,342001,4453,15
13,21,233,233,131,1,160055,4580,10
5,8,233,233,131,1,700007,4503,12
13,21,233,233,131,3,141001,4580,12
15,10,233,233,131,2,211016,4547,14
15,8,233,233,131,2,734001,4511,14
10,7,233,233,228,1,500045,4474,8
10,25,233,233,131,1,600084,4482,10
10,7,233,233,228,1,500072,4474,8
13,26,233,233,131,3,625706,5001,12
1,24,233,233,228,1,122001,4150,11
13,21,233,233,131,1,122001,4580,10
9,12,233,233,131,2,342008,4407,13
10,8,233,233,131,3,754005,4499,14
10,7,233,233,228,4,531023,4474,11
13,21,233,233,131,1,110051,4580,9
13,21,233,233,131,1,110086,4580,9
10,6,233,233,228,2,147105,4437,11
13,22,233,233,131,1,421501,4581,11
13,21,233,233,131,1,122010,4580,10
10,8,233,233,131,1,700054,4499,11
10,8,233,233,131,2,781024,4499,16
13,22,233,233,131,1,401303,4581,10
10,27,201,233,228,0,201102,4388,16
10,27,233,233,131,2,123401,4388,13
6,2,233,233,131,1,110092,4388,13
10,23,233,233,131,1,400601,4398,11
13,21,233,233,131,1,110052,4580,9
13,11,233,233,131,2,638316,4495,12
13,21,233,233,131,2,248007,4580,13
4,11,201,233,131,1,641021,4498,11
30,2,233,233,228,1,121001,4095,13
13,7,233,233,131,2,530017,4403,12
13,7,233,233,131,2,535003,4403,12
4,5,233,233,131,3,382225,4011,13
13,21,233,245,131,1,110049,4580,9
13,7,233,233,131,1,500082,4403,8
4,2,308,233,228,1,122018,4148,13
13,21,233,233,131,1,110091,4580,9
15,3,233,233,228,1,560008,4469,10
13,26,233,233,228,1,600011,5001,10
11,6,233,233,131,2,160020,4442,13
13,21,233,233,131,1,110005,4580,9
15,2,233,233,228,2,250002,4550,14
13,11,201,233,131,4,638107,4495,12
4,3,233,233,228,1,560048,4468,9
10,6,233,233,131,3,144629,4437,12
4,2,233,233,228,2,124001,4148,14
9,8,233,233,131,2,700132,4499,14
10,2,233,233,131,1,110088,4388,12
13,26,233,233,131,1,600100,5001,10
22,1,233,233,131,1,600072,4416,15
32,2,233,233,131,2,248001,4147,16
13,8,233,233,228,1,700097,4508,10
13,7,233,233,131,1,500052,4403,9
13,26,233,245,131,1,560078,5001,10
10,7,233,233,131,1,500038,4474,9
12,2,308,233,228,1,122002,4092,12
10,7,233,233,228,2,530008,4474,11
13,17,233,233,131,1,800001,4538,10
15,8,233,233,228,3,751017,4500,16
13,21,233,233,131,1,110043,4580,9
18,1,233,245,228,1,560068,4466,14
13,21,233,233,131,1,110015,4580,9
10,12,233,233,228,2,342001,4407,13
13,22,233,233,131,3,410222,4581,13
16,2,233,245,131,1,110024,4149,15
1,2,233,233,131,1,110030,4150,12
6,8,233,233,131,1,700007,4508,11
15,12,233,233,228,2,313001,4453,14
13,21,233,233,131,2,313001,4580,13
13,26,201,233,131,4,572119,5001,13
13,21,233,233,131,2,305001,4580,13
10,1,233,233,228,2,462023,4398,15
13,22,233,233,131,3,403110,4581,13
15,1,201,233,228,0,458110,4091,17
13,8,233,233,131,3,769008,4508,15
15,2,233,233,131,1,201301,4094,14
13,22,233,233,131,2,410506,4581,13
21,2,233,233,131,1,400088,5138,14
10,2,233,245,131,1,110058,4388,12
12,1,233,245,131,1,380026,4018,15
29,1,233,233,131,1,110052,4011,18
10,7,233,233,228,1,500013,4474,8
10,23,308,233,131,1,400034,4398,10
12,17,233,233,131,3,831005,4376,16
15,8,233,233,131,1,700046,4500,12
13,21,233,233,131,2,147301,4580,12
13,21,233,233,131,2,135003,4580,12
13,11,201,201,131,4,695583,4495,13
15,7,233,233,228,1,500016,4477,10
32,2,233,233,131,2,121102,4147,15
13,2,233,233,131,2,121102,4147,14
10,2,233,233,228,1,110095,4388,12
10,7,233,233,228,1,500072,4474,8
13,26,233,233,131,1,641016,4495,10
4,2,233,233,228,1,110007,4148,13
18,8,233,233,131,1,700110,4504,15
13,21,233,233,131,2,140604,4580,12
32,8,233,233,131,3,751023,4508,16
13,21,233,233,131,3,126112,4580,12
27,1,233,233,131,1,110005,4011,19
28,1,233,233,131,1,110005,4011,21
10,7,233,233,228,1,500020,4474,8
10,2,233,233,131,1,122015,4388,13
13,22,233,233,131,1,411001,4581,11
9,8,233,233,131,3,753004,4499,14
15,5,233,233,228,1,382350,4546,11
4,2,308,233,131,1,122011,4148,13
4,2,233,233,131,1,110059,4148,12
13,7,233,233,228,1,500085,4403,8
15,1,233,233,131,1,400709,4545,12
21,2,233,233,131,2,515002,5138,16
10,27,233,233,228,1,110065,4388,10
5,8,233,233,131,3,753002,4503,16
9,3,308,245,131,1,560078,4460,9
10,6,201,233,131,4,133301,4437,12
13,2,233,245,131,1,110052,4147,12
15,1,233,233,131,1,400063,4545,12
9,2,233,233,131,1,110027,4388,12
13,17,233,233,228,1,800001,4538,10
12,2,233,233,131,3,141003,4092,14
13,26,233,245,131,1,560068,5001,10
13,7,233,233,131,2,506015,4403,11
13,21,201,233,131,0,334803,4580,16
32,1,233,233,131,1,500054,4581,13
13,6,233,233,131,2,160022,4441,12
13,22,233,245,131,1,380018,4581,11
15,12,233,233,131,2,333026,4453,15
28,24,233,233,228,1,122018,4150,15
13,3,233,233,131,2,575028,4467,12
13,7,233,233,131,1,500072,4403,9
18,2,233,233,228,1,110029,4153,14
13,4,233,233,131,1,600092,4490,9
15,8,233,233,131,1,700053,4500,12
15,3,233,233,131,2,590010,4461,14
13,7,233,233,131,3,505001,4403,11
13,22,233,233,131,2,431005,4581,13
9,8,233,0,131,1,700102,4499,11
29,1,233,233,228,2,530002,4011,18
15,11,201,233,131,1,641047,4492,11
10,2,233,233,228,1,122015,4388,12
13,3,233,233,131,1,560100,5001,10
9,27,233,233,131,1,110019,4388,11
13,7,233,233,228,2,503003,4403,11
10,23,233,233,131,1,380026,4398,11
5,2,233,245,131,1,110096,4093,12
13,21,233,245,131,1,110017,4580,9
13,7,233,233,131,3,533437,4403,12
13,26,233,233,131,1,560067,5001,10
13,21,233,233,131,2,180010,4580,13
9,23,233,233,131,1,400603,4398,11
13,26,233,233,131,1,641034,5001,10
13,26,233,233,131,3,571401,5001,12
13,21,233,233,131,1,122001,4580,10
13,21,233,233,131,1,122001,4580,10
10,7,233,233,228,1,500072,4474,8
15,2,233,233,228,1,122001,4091,13
14,1,233,233,131,1,122001,4011,15
4,2,233,233,228,1,122001,4011,13
13,22,233,233,131,1,421503,4581,11
13,22,233,233,131,1,400604,4581,10
10,2,233,233,131,1,110031,4388,12
15,5,233,233,131,1,380015,4546,11
13,22,233,233,131,2,382421,4581,13
10,23,233,233,131,1,400077,4398,11
13,17,201,233,131,0,815312,4538,16
13,26,233,233,131,1,560030,5001,10
9,8,233,233,131,3,712306,4499,14
13,7,233,233,131,1,500058,4403,9
15,2,233,233,228,1,110029,4550,10
13,26,308,233,131,1,560103,5001,10
13,21,233,233,131,3,121106,4580,12
13,21,233,233,131,1,121002,4580,10
13,22,233,245,131,1,380054,4581,11
13,21,233,245,131,1,110018,4580,9
9,10,233,233,131,2,282007,4444,13
10,25,233,233,131,1,600036,4460,10
5,8,233,233,131,2,781008,4503,18
21,5,233,245,131,2,390018,4017,18
13,4,233,233,131,1,600034,4490,9
13,26,308,233,131,1,560068,5001,10
5,2,0,233,131,1,110036,4093,11
15,3,308,245,131,1,560068,4461,10
10,25,308,233,228,1,560085,4460,9
9,7,233,233,131,2,522002,4474,12
9,6,233,233,131,3,143001,4437,12
15,4,233,233,228,1,600118,4483,11
13,21,201,233,131,0,285201,4580,16
13,7,233,233,131,1,500032,4403,9
15,2,233,233,228,1,121003,4091,12
1,2,233,233,228,2,248001,4150,15
1,12,233,233,228,2,334001,4459,16
13,22,233,233,131,1,380058,4581,11
13,8,233,233,228,1,700090,4508,10
13,11,201,233,131,1,641004,4495,10
28,9,233,233,131,2,440004,4027,19
13,21,233,233,131,1,201014,4580,11
9,8,233,233,131,2,734434,4499,15
13,21,233,233,228,2,281004,4580,13
15,2,233,233,228,1,110029,4094,12
13,21,233,233,131,1,110053,4580,9
30,2,233,233,228,1,500034,4540,12
30,2,0,233,228,1,500034,4540,15
15,8,233,0,131,1,700016,4500,12
13,22,201,233,131,4,443001,4581,14
10,27,233,233,228,1,110041,4388,10
13,21,233,233,131,1,110033,4580,9
25,3,233,233,228,1,560103,4390,15
15,3,233,233,228,1,560034,4469,10
10,27,233,233,131,1,302013,4388,12
23,2,233,233,131,1,121006,5138,13
10,8,233,233,131,2,722101,4499,14
13,21,233,233,228,1,226010,4580,10
13,22,233,233,131,1,411061,4581,11
13,4,233,233,131,1,600034,4490,9
15,12,233,233,131,1,302015,4453,13
13,21,233,233,131,3,301001,4580,13
13,21,233,233,131,2,324010,4580,13
10,3,233,245,131,1,560032,4460,9
10,9,233,233,228,2,440026,4021,14
13,22,233,233,131,2,440002,4581,13
15,2,308,233,228,1,122018,4550,11
13,8,233,233,131,1,700007,4508,11
13,21,233,233,131,3,141001,4580,12
13,21,201,233,131,4,126113,4673,13
15,2,233,233,228,1,122001,4091,13
5,2,233,233,131,1,110053,4093,11
10,8,233,233,131,1,700059,4499,11
13,22,201,233,131,4,424310,4581,14
13,21,201,233,131,0,283203,4580,16
10,8,201,233,228,0,754210,4499,17
13,21,233,233,131,1,201301,4580,11
33,5,233,233,228,2,390011,4392,17
13,8,233,233,131,1,700157,4508,10
13,21,233,233,131,1,110041,4580,9
19,1,233,233,228,3,490006,4011,20
10,23,233,233,228,1,380006,4398,11
13,22,233,233,131,2,403708,4581,13
13,21,233,233,131,1,201306,4580,11
13,22,233,233,131,1,382445,4581,11
13,21,233,233,131,1,201301,4580,11
2,1,233,233,131,1,800006,4390,18
9,23,233,233,131,1,421505,4398,11
13,22,233,233,131,1,400089,4581,11
13,22,0,233,131,1,400089,4581,10
13,22,233,233,131,2,424001,4581,13
10,25,233,233,131,1,560103,4460,10
32,6,233,233,131,3,143401,4441,15
10,27,233,233,228,1,201304,4388,11
1,24,233,233,131,1,110053,4150,10
15,17,233,0,131,1,800004,4409,13
13,21,201,233,131,4,182121,4580,14
15,2,233,233,228,1,110059,4094,12
5,1,233,233,131,1,382440,4015,13
15,2,233,245,131,1,110092,4550,12
13,26,233,245,131,3,576225,5001,12
13,11,201,201,131,0,673570,4495,16
10,10,233,233,131,2,282007,4444,13
9,10,233,233,131,1,226018,4444,11
1,7,233,233,228,1,500081,4479,9
5,2,233,233,131,1,110043,4093,11
13,21,233,233,131,1,121005,4580,10
13,22,233,233,131,2,395007,4581,13
10,8,233,233,228,1,700003,4499,11
13,26,233,233,131,1,600116,5001,10
13,22,233,233,131,2,440013,4581,13
13,22,308,233,131,1,421301,4581,11
13,26,233,233,131,2,583101,5001,12
13,26,233,233,131,2,583101,5001,12
9,6,233,233,131,3,143001,4437,12
13,21,233,233,131,1,160055,4580,10
15,8,233,233,228,3,723101,4500,15
13,21,233,233,228,1,122001,4580,10
13,2,233,233,131,1,110085,4580,10
10,2,233,233,228,1,122001,4388,12
13,21,233,233,131,1,110085,4580,9
13,22,233,245,131,2,390007,4581,13
13,22,233,233,131,1,401105,4019,12
13,22,233,233,131,1,380054,4581,11
19,6,233,233,131,2,134116,4441,17
13,2,233,233,131,1,110041,4147,12
15,2,233,233,131,1,110058,4094,13
13,21,233,233,131,1,201301,4580,11
13,22,233,233,131,2,390019,4581,13
10,23,233,233,131,1,411037,4398,11
13,21,233,233,131,1,110070,4580,9
15,1,233,233,131,1,400055,4010,15
13,21,233,233,131,1,110005,4580,9
13,7,233,233,131,1,500036,4403,9
32,9,233,233,131,1,411039,4581,13
15,3,233,233,131,1,560001,4461,11
10,2,233,233,131,1,110092,4388,12
13,22,233,233,131,1,400055,4581,11
5,7,233,233,131,1,500070,4476,9
13,22,233,233,131,2,382421,4581,13
13,22,233,233,131,2,364001,4581,13
15,2,233,233,228,1,121003,4091,12
13,17,233,233,131,3,826004,4538,14
10,2,233,233,228,1,201304,4388,12
13,21,233,233,228,1,201306,4154,11
15,3,233,233,228,1,560030,4469,10
10,5,233,245,131,0,0,4546,11
15,5,233,245,131,0,0,4546,10
15,2,233,245,228,1,110028,4094,12
15,2,233,233,228,1,110017,4550,11
15,8,233,233,228,1,700047,4511,11
13,17,233,233,131,3,815301,4538,14
10,25,233,245,131,1,560067,4460,9
15,7,233,233,131,1,500009,4477,10
10,2,233,233,131,1,121001,4388,12
9,10,233,233,131,2,282001,4444,13
13,22,233,233,228,3,492001,4581,14
13,22,233,233,131,1,411062,4581,11
13,21,233,233,131,2,132103,4580,12
10,25,233,233,228,1,560058,4460,9
13,22,201,233,131,0,456006,4581,17
32,22,201,233,131,0,456006,4581,19
15,2,233,233,131,1,122001,4550,12
13,21,233,233,228,2,250004,4580,13
13,22,233,233,131,2,444601,4581,13
13,21,233,233,131,1,302012,4580,11
32,7,233,233,131,2,520013,4403,14
13,21,233,233,131,1,110006,4580,9
13,26,308,233,131,1,560102,5001,10
15,2,233,233,228,1,110005,4091,12
13,22,233,233,131,2,452016,4581,13
13,22,233,233,131,1,400103,4581,10
13,22,233,233,131,1,401303,4581,10
4,3,308,233,228,1,560103,5146,11
13,21,201,233,131,0,333503,4580,16
18,1,233,233,131,1,700012,4011,23
13,26,233,233,131,2,603203,5001,12
5,2,233,233,131,1,122505,4093,12
15,3,233,245,131,1,560061,4461,11
10,4,201,233,131,4,605202,4482,12
13,8,233,233,131,1,700040,4508,10
7,1,233,233,131,1,560068,4008,16
13,21,233,233,131,1,302015,4580,11
13,22,233,233,131,1,411057,4581,11
13,22,233,0,131,1,411057,4581,12
15,9,233,233,228,2,412207,4548,14
10,3,233,233,131,1,560029,4460,9
15,6,233,233,131,3,143001,4549,13
13,21,233,233,131,1,302020,4580,11
10,2,233,233,228,1,201010,4388,12
15,2,233,233,228,1,201304,4094,13
1,2,233,233,228,1,201304,4150,13
10,2,233,233,228,1,110029,4388,11
10,1,233,233,131,1,400031,4398,12
15,1,233,233,131,1,400080,4545,12
13,21,233,233,131,3,151507,4580,12
15,1,233,233,131,1,400072,4545,12
9,27,233,233,131,1,110031,4388,11
10,2,233,233,228,2,250002,4388,14
9,8,233,233,131,1,700017,4499,11
10,23,233,233,131,1,411039,4398,11
13,7,233,233,131,1,500064,4403,9
13,21,233,245,131,1,110088,4580,9
15,3,233,245,228,1,560042,4461,10
21,2,201,201,131,4,673028,4415,21
10,6,233,233,131,2,160017,4437,12
10,8,233,233,131,3,751006,4499,15
9,9,233,233,131,3,492001,4021,15
13,21,233,233,131,2,147301,4580,12
10,25,233,233,228,1,560010,4460,9
13,2,233,245,228,1,110042,4147,12
13,21,233,233,131,3,141002,4580,12
13,21,233,233,131,3,143001,4580,12
10,6,233,233,228,2,160002,4437,11
13,22,233,233,131,3,485001,4581,14
15,1,233,233,228,2,452006,4545,14
15,10,233,233,228,2,243001,4444,14
10,2,233,233,131,1,110045,4388,12
15,12,233,233,131,2,313001,4453,15
10,2,233,233,131,1,122001,4388,13
13,8,233,233,131,3,751020,4508,14
15,2,308,233,228,1,110032,4091,12
13,21,233,233,131,2,180012,4580,13
5,7,233,233,228,2,506001,4476,13
15,3,233,233,131,1,560048,4461,11
10,6,0,233,131,1,140307,4437,9
13,21,233,233,131,1,122006,4580,10
13,7,233,233,131,1,500032,4403,9
13,22,233,233,131,1,400709,4581,10
13,2,233,233,131,1,110096,4147,13
13,21,233,233,228,1,110060,4580,9
22,1,233,233,131,1,400031,4008,17
1,24,233,233,228,1,201001,4150,11
13,21,233,233,131,1,201001,4580,11
15,6,233,233,228,2,160047,4549,12
15,2,308,233,228,1,110007,4550,11
15,1,233,233,131,2,422006,4545,15
13,3,233,245,131,1,560001,4467,9
15,3,308,245,131,1,560025,4461,10
13,21,233,245,131,1,110034,4580,9
13,2,233,233,131,1,110077,4147,12
13,22,233,233,131,1,382481,4581,11
15,10,233,233,131,1,226010,4444,12
13,26,308,233,228,1,560068,5001,9
13,26,233,233,131,2,603202,5001,12
15,2,233,233,228,1,110015,4550,11
10,8,233,233,131,1,700067,4499,11
12,5,233,245,131,1,380051,4034,11
13,22,233,233,131,1,421003,4581,11
10,8,233,233,131,1,700069,4499,11
13,21,233,233,228,1,122001,4580,10
10,7,233,233,131,3,500043,4474,11
13,26,233,233,131,1,560016,5001,10
10,3,233,233,228,1,560103,4460,9
15,2,233,233,228,1,110029,4094,12
13,21,233,233,131,1,201301,4580,11
10,17,233,233,131,3,814112,4370,16
15,1,233,233,131,1,400607,4545,12
15,2,233,233,131,1,110003,4091,13
13,17,233,233,131,3,834001,4538,14
10,2,233,233,131,2,123110,4388,14
15,2,233,233,228,1,110065,4091,11
13,22,233,233,131,1,400102,4581,10
13,21,233,233,131,2,135133,4580,12
13,8,201,233,131,4,754010,4508,14
13,21,233,233,131,2,305004,4580,13
15,1,233,233,131,1,400013,4545,12
15,8,233,233,131,1,700107,4500,12
13,22,233,233,131,1,400705,4581,10
13,8,233,233,131,1,700159,4508,10
9,27,233,233,131,2,305001,4388,14
10,3,233,245,131,1,560002,4460,9
4,2,233,233,131,1,110048,4148,12
15,2,233,233,131,1,110048,4148,13
15,6,233,233,131,2,147001,4549,13
10,2,233,233,228,1,110074,4388,12
4,12,233,233,131,3,301001,4408,15
15,9,233,233,131,1,411057,4548,12
15,3,233,233,131,1,560070,4461,11
5,1,233,233,131,1,400067,4015,13
15,4,233,233,131,1,600014,4483,11
13,4,233,233,131,3,605006,4490,12
13,21,233,233,228,1,302020,4580,10
13,22,233,233,131,2,416416,4581,13
10,2,233,233,131,1,122001,4388,13
13,21,233,233,131,1,302017,4580,11
13,22,233,233,131,1,380054,4581,11
9,9,233,233,131,2,440018,4021,14
13,3,233,233,131,1,560102,4467,10
13,8,233,233,131,1,700060,4508,10
10,3,233,233,131,3,571105,4460,11
13,2,233,233,131,1,110035,4147,12
10,25,233,233,131,1,560004,4460,9
10,23,233,233,131,1,411001,4398,11
4,2,233,233,228,1,122011,4148,13
15,7,233,233,228,3,530048,4477,13
9,6,233,233,131,3,141008,4437,12
13,21,233,245,131,1,110029,4580,9
10,27,233,245,228,1,110029,4388,11
13,2,233,233,131,1,110017,4147,12
15,12,233,233,131,3,335001,4453,15
32,2,233,233,131,1,110057,4147,13
9,7,233,233,131,1,500015,4474,9
15,3,233,245,131,1,560068,4461,11
10,25,308,245,228,1,560068,4460,9
13,26,201,201,131,0,670102,4495,15
13,22,308,233,131,1,400070,4581,10
15,12,233,233,228,2,313002,4453,14
16,1,233,233,228,2,574104,4390,16
5,2,233,233,131,3,143521,4093,14
13,2,233,233,131,3,143521,4093,14
13,3,233,233,131,2,585102,4467,12
13,22,233,233,131,3,492009,4581,14
1,3,233,233,131,1,560037,4400,10
13,7,233,233,131,1,500072,4403,9
15,2,233,233,131,1,122001,4091,13
9,27,233,233,131,1,110085,4388,11
10,6,233,233,228,2,160103,4437,11
13,22,233,233,131,1,382213,4581,11
13,22,233,233,131,1,400004,4581,11
21,2,233,233,228,1,500018,4478,13
10,2,233,233,228,1,110059,4388,11
19,1,233,233,131,1,110092,4011,19
13,26,233,233,131,1,560004,5001,10
13,21,233,233,228,1,121003,4580,9
13,22,233,233,131,1,411027,4581,11
10,1,233,0,131,1,400049,4398,12
13,21,233,233,131,1,110052,4580,9
10,12,233,233,228,3,335001,4407,13
2,1,233,233,228,1,500044,4390,13
13,22,233,233,131,1,400051,4581,11
4,4,233,233,131,1,600063,4488,10
4,8,233,233,131,1,700040,4510,11
10,2,233,233,228,1,110036,4388,11
15,2,233,233,228,1,121001,4091,12
10,1,233,233,131,1,400603,4398,12
13,22,233,233,131,1,411015,4581,11
13,26,233,233,131,1,560068,5001,10
28,2,233,233,131,1,121005,4150,17
13,8,233,233,131,1,700050,4508,10
10,23,308,233,228,1,400070,4398,10
32,2,233,233,131,1,110001,4147,14
13,26,308,233,131,1,560077,5001,10
13,21,233,245,131,1,110001,4580,9
13,2,233,233,131,1,110021,4147,12
15,12,233,233,131,2,313004,4453,15
15,5,233,233,228,2,395002,4546,13
13,21,233,233,131,1,122018,4580,10
10,7,233,233,228,3,535501,4474,11
28,24,233,233,131,2,243001,4150,18
13,17,233,233,131,1,800020,4538,10
10,10,201,233,228,0,221208,4444,16
18,1,233,233,131,1,800020,4011,21
13,2,233,233,131,1,110029,4147,12
15,12,233,233,131,1,302019,4453,13
10,2,233,233,228,1,201010,4388,12
15,1,233,233,131,1,400059,4545,12
13,21,233,233,131,1,110059,4580,9
13,21,233,233,131,2,301019,4580,13
13,7,233,233,131,1,500003,4403,9
13,21,233,233,228,1,122003,4580,10
15,4,233,233,131,1,600078,4483,11
13,8,233,233,131,3,751025,4508,13
32,7,233,233,131,1,500049,4403,12
15,2,308,233,131,1,110092,4091,13
15,8,233,233,131,3,751015,4500,16
13,21,233,233,131,2,147001,4580,12
13,21,233,233,131,1,110027,4580,9
21,12,233,233,131,1,302015,4459,15
15,9,233,233,131,1,411013,4022,12
9,23,233,245,131,1,380028,4398,11
10,8,233,233,131,1,700007,4503,12
15,2,308,233,228,1,110047,4091,12
15,2,233,233,131,1,110085,4550,11
12,6,233,233,131,2,133001,4435,12
13,2,233,233,131,1,110007,4147,13
10,2,233,233,131,1,110033,4388,12
6,6,233,233,131,1,160062,4673,10
15,2,233,233,228,1,122006,4094,13
10,3,233,233,131,1,560048,4460,9
10,12,233,233,131,2,342008,4407,13
13,22,233,233,131,1,380007,4581,11
13,21,233,233,131,1,302002,4580,11
10,27,233,233,131,1,201304,4388,12
10,27,233,233,228,1,226017,4388,11
4,3,233,245,228,1,560072,4468,9
13,22,233,233,131,2,395008,4581,13
6,2,233,233,131,1,201012,4388,13
10,27,233,233,131,1,110040,4388,11
18,1,233,233,228,2,282001,4011,19
15,2,233,233,131,1,110015,4094,13
4,3,233,233,131,2,625009,5146,14
13,21,233,233,131,2,282010,4580,13
10,2,233,233,131,2,201201,4388,14
4,7,233,233,228,1,500017,4540,9
32,17,233,233,131,3,855107,4538,17
9,6,233,233,131,3,142022,4437,12
13,26,233,233,131,1,560043,5001,10
13,26,233,233,131,1,560071,5001,10
13,22,233,233,131,1,411004,4581,11
15,2,233,233,228,1,122001,4091,13
13,3,233,233,131,3,583132,5001,12
10,25,201,233,131,4,635104,4460,13
15,12,233,233,228,1,302018,4453,12
10,2,233,233,228,1,110058,4388,11
13,8,233,233,131,1,700089,4508,10
15,12,201,233,228,0,326001,4407,16
13,3,233,233,228,2,590011,4467,12
21,2,233,233,131,1,110096,4154,15
10,2,201,233,228,0,201102,4388,17
13,21,233,233,131,2,245101,4580,13
9,6,233,233,131,2,133001,4437,12
13,21,308,233,131,1,110002,4580,9
15,2,233,233,228,1,110058,4550,10
13,7,233,233,131,2,522006,4403,12
10,23,233,233,228,1,400601,4398,10
10,2,308,233,228,1,122002,4388,12
28,24,233,233,228,2,282001,4150,17
13,3,233,245,228,1,560068,4467,9
13,22,233,233,131,1,400708,4581,10
15,4,233,233,131,1,600041,4483,11
13,4,201,233,131,4,636808,4490,12
10,23,233,233,131,1,421003,4398,11
10,2,233,233,228,1,110032,4388,11
13,22,233,233,131,1,411048,4581,11
15,12,233,233,228,1,302017,4453,12
13,22,233,233,131,1,380004,4581,11
15,2,233,233,131,1,110087,4550,11
